[RÃ©f:3195160] Ford ecosport,Automobiles  > Ford  > Autre ModÃ¨le,Tunisie  > Ariana  > Ariana Ville  > Ariana,Essence,7 CV,62 000,24/10/2018,Noir,MÃ©canique,62 000 Dinar Tunisien (TND),a vendre voiture ford ecosport Ã©cobouste premiÃ¨re main trÃ¨s propre presque neuve bien entretenue   trÃ¨s robuste Ã©conomique tÃ©l. 98243338,26/03/2023,26/03/2023,undefined
[RÃ©f:3195138] Peugeot 106 open,Automobiles Â >Â Peugeot Â >Â 106,Tunisie Â >Â Ben arous Â >Â Nouvelle Medina Â >Â Nouvelle Medina,Essence,4Â CV,194 400,20/06/2002,Bleu,MÃ©canique,12 800Â Dinar Tunisien (TND),"a vendre peugeot 106 open montage franÃ§aise  assistÃ©  ,injection, vitres avant Ã©lectriques, chaises pilote rÃ©glable, fermeture centrale, air bague, radio usb et aux ... en bonne Ã©tat",25/03/2023,25/03/2023
[RÃ©f:3195126] Renault kadjar,Automobiles Â >Â Renault Â >Â Autre ModÃ¨le,Tunisie Â >Â Ariana Â >Â La Soukra Â >Â La Soukra,Essence,7Â CV,n.d,27/03/2017,Bleu roi,MÃ©canique,63 000Â Dinar Tunisien (TND),"renault kadjar annÃ©e 03/2017, toute option, tce, 4 roues neuves de marque michelin, importÃ©e en trÃ¨s bon Ã©tat",25/03/2023,25/03/2023
[RÃ©f:3195120] Ford fiesta opportunitÃ©,Automobiles  > Ford  > Fiesta,Tunisie  > Tunis  > Cite El Khadra  > Cite El Khadra,Essence,5 CV,195 000,20/04/2006,noir,MÃ©canique,17 000 Dinar Tunisien (TND),"a vendre ford fiesta trÃ¨s bon Ã©tat noir 5 ch.v : essence, climatisÃ©e, 2 vitres avant Ã©lectriques. tel 56745503 / 58156025",25/03/2023,25/03/2023,undefined
[RÃ©f:3195110] Citroen nemo multispace 2015 a faible kilomÃ©trage,Automobiles Â >Â Citroen Â >Â Nemo,Tunisie Â >Â Tunis Â >Â Bab Bhar Â >Â Habib Thameur,Essence,5Â CV,81 000,01/01/2015,Marron,MÃ©canique,35 000Â Dinar Tunisien (TND),"âœ…  kÃ©lometrage : 81000km âœ… 1.4l essence 5cv 4 cylindres âœ… 5 places âœ… double clÃ© ðŸ”‘ disponible  âœ… climatiseur , radio , bip de recul  â˜Žï¸ 21246229",25/03/2023,25/03/2023
[RÃ©f:3195106] Mazda 2 2017,Automobiles  > Mazda  > 2,Tunisie  > Ben arous  > Ezzahra  > Ezzahra,Essence,6 CV,77,25/11/2017,GRIS,MÃ©canique,42 000 Dinar Tunisien (TND),ðŸŒâš¡ ðŸ‡¯ðŸ‡µmazda 2 skyative ðŸ‡¯ðŸ‡µâš¡ðŸŒŽ ðŸ•¹ bvm â›½ essence ðŸŽ 6 fiscaux ðŸ“… fin 2017 â“‚ï¸ 198 ðŸ“Ÿ 077000 km â€¼ï¸ certifiÃ© ðŸ“› voiture en excellente Ã©tat ðŸ‘Œ âœ… toutes options ðŸ“²+216 50 560 130,25/03/2023,25/03/2023,undefined
[RÃ©f:3189095] Bonne affaire,Automobiles  > Mahindra  > Autre ModÃ¨le,Tunisie  > Ariana  > Ariana Ville  > El Menzah 6,Essence,5 CV,33 000,05/03/2021,GRIS,MÃ©canique,37 500 Dinar Tunisien (TND),voiture mahindra kuv100 1 Ã¨re main les entretiens sont faites a la maison.. trÃ¨s bonne Ã©tat. quelques petites retouches au para choc derriÃ¨re. avec camera de recule. nouvelle costume pour toute la voiture. des tapis nouveau en plus.,07/03/2023,25/03/2023,undefined
[RÃ©f:3195043] Offrez belle touareg,Automobiles Â >Â Volkswagen Â >Â Touareg,Tunisie Â >Â Nabeul Â >Â Nabeul Â >Â Nabeul,Diesel,13Â CV,250 000,20/01/2009,Noir,Automatique,35 000Â Dinar Tunisien (TND),bonne etat toareg  fase 2 r5 13cv,25/03/2023,25/03/2023
[RÃ©f:3184521] Isuzu trooper,Automobiles  > Isuzu  > Trooper,Tunisie  > Tunis  > La Marsa  > Marsa Ennassim,Diesel,12 CV,298 000,17/07/2002,bronze,MÃ©canique,38 000 Dinar Tunisien (TND),"isuzu trooper - 2002 (4x4)  long 3.0 td. kilomÃ©trage 298000 , sÃ©rie 193. carburant diesel, couleur du vÃ©hicule bronze mÃ©tallisÃ©e. fermeture centralisÃ©e, vitres elec, pneus et batterie neufs. climatisation. type de carrosserie 4 x 4. double pont fonctionnel. etat du vÃ©hicule trÃ¨s bon. voiture mixte (utilitaire et 5 places) ne paie que la taxe 180 dinars. donne avec, plusieurs piÃ¨ces dÃ©tachÃ©es importÃ©es de france d'une valeur de 680 euros. visible Ã  la marsa . prix lÃ©gÃ¨rement  nÃ©gociable . tel 27 777 856",20/02/2023,25/03/2023,undefined
[RÃ©f:3194973] Fiat  punto 3,Automobiles  > Fiat  > Punto,Tunisie  > Tunis  > El Menzah  > El Manar 2,Essence,5 CV,182 000,07/02/2009,Gris mÃ©tallisÃ©,MÃ©canique,17 500 Dinar Tunisien (TND),"particulier met en vente sa voiture fiat punto 3 , sÃ©rie 136, bon Ã©tat. carnet d'entretien Ã  jour, faible consommation, climatisation, vitres avant Ã©lectriques, direction assistÃ©e. visite technique octobre 2023 vignette 2023 payÃ©e. prix : 17500 dinars. visible Ã  manar 2. contacter samir au : 53 058 741 (samasara s'abstenir).",25/03/2023,25/03/2023,undefined
[RÃ©f:3189005] Ford fiesta trend,Automobiles  > Ford  > Fiesta,Tunisie  > Ben arous  > Ezzahra  > Ezzahra,Essence,5 CV,157,17/12/2015,Noir,MÃ©canique,29 500 Dinar Tunisien (TND),"ðŸš˜ðŸš— ford fiesta bvm ðŸš—ðŸš˜  ðŸ  157,000 km ðŸ“… 12/2015 â›½ï¸5 cv essence tu 186  âš ï¸optionsâš ï¸   âž– 2 vitres electriques    âž– climatisation climatronic  âž–  feux xÃ©non âž– feux led  âž– rÃ©gulateur de vitesse         ðŸ’µðŸ’²29,500ðŸ’²ðŸ’µ  â˜Žï¸ðŸ“±50 560 130ðŸ“±â˜Žï¸",07/03/2023,25/03/2023,undefined
[RÃ©f:3185830] Voiture presque neuve,Automobiles Â >Â Mg Â >Â Autre ModÃ¨le,Tunisie Â >Â Sousse Â >Â Hammam Sousse Â >Â El Kantaoui,Essence,9Â CV,22 000,01/07/2022,noir,Automatique,125 000Â Dinar Tunisien (TND),mg hs ð™ð™§ð™¤ð™¥ð™ 0430; âœªâœª â–º modele : 2022 â–º kilomÃ©trage : 22.000 km â–º puissance fiscale : 9 cv â–º energie : essence  â–º camera  â–º xÃ©non / full led  â–º boite automatique  â–º interieur cuir trophy edition   â–º climatronic  â–º toit panoramique  â–º lumiÃ¨re d'ambiance  â–º jantes 18,24/02/2023,25/03/2023
[RÃ©f:3191457] Peugeot 206 gris diesel,Automobiles  > Peugeot  > 206,Tunisie  > Nabeul  > Nabeul  > Nabeul,Diesel,4 CV,n.d,01/01/2002,GRIS,MÃ©canique,8 900 Dinar Tunisien (TND),moteur partenaire 7cv gasoil  chaine de rÃ©ception (jdida bakou )  4 roues (jdod bakou)  visites technique jusqu'Ã  le 20/04/2023  deux vitres electriques ( avant)  fermeture centrale batterie neuve  vignette 2022 n'est pas payÃ©e,14/03/2023,25/03/2023,undefined
[RÃ©f:3194926] Hyundai i10 populaire,Automobiles  > Hyundai  > H100,Tunisie  > Tunis  > Le Bardo  > Le Bardo,Essence,4 CV,76 000,12/10/2016,Gris foncÃ©,MÃ©canique,31 000 Dinar Tunisien (TND),hyundai i10 d'une femme presque neuf,25/03/2023,25/03/2023,undefined
[RÃ©f:3186882] Renault kadjar,Automobiles  > Renault  > Autre ModÃ¨le,Tunisie  > Tunis  > Carthage  > Sidi Bousaid,Essence,7 CV,38 000,01/10/2019,Gris Titanuim,MÃ©canique,82 000 Dinar Tunisien (TND),"a vendre renault kadjar intens phase 2 1Ã¨re main, faible kilomÃ©trage encore neuf et trÃ¨s bon Ã©tat toit panoramique, lÃ¨ve vitres avant/arriÃ¨re, ordinateur de bord, gps avec cartographie tunisienne, android auto, siÃ¨ge arriÃ¨re rabattable, abs, rÃ©gulateur de vitesse, airbag frontaux, latÃ©raux et ridaux, controle de pression des pneus, pneus 19 pouces, antibrouillards, dÃ©tecteur de pluie, allumage auto lumiÃ¨re, feux led, rÃ©troviseur Ã©lectrique et rabattables automatiques, radars avant, arriÃ¨re et latÃ©raux, camÃ©ra de recul, volant multifonctions et cuir, climatisation auto bizone, direction assistÃ©e, etc. plein d'autres options",28/02/2023,25/03/2023,undefined
[RÃ©f:3186703] M4 1er main,Automobiles Â >Â Great Wall Â >Â Great Wall M4,Tunisie Â >Â Ariana Â >Â La Soukra Â >Â Borj Louzir,Essence,6Â CV,114 000,31/07/2017,Blanc,MÃ©canique,35 000Â Dinar Tunisien (TND),a vendre : m4 bonne etat annee 2017 klm 114 mille couleur blanc. prix 35 mdt. 44 127333,27/02/2023,25/03/2023
[RÃ©f:3194855] Evoque black edition se,Automobiles Â >Â Land-Rover Â >Â Range,Tunisie Â >Â Tunis Â >Â La Marsa Â >Â Berge Du Lac,Diesel,8Â CV,25 000,01/07/2020,Noir,Automatique,300 000Â Dinar Tunisien (TND),"evoque black edition se, premiere main,   annÃ©e 2020 juillet 25.000km 150 cv din 8cv diesel. vrai cuir camÃ©ra 360 clear view affichage tÃªte haute cockpit digital climatisation ionisÃ© 2 zones jantes 20 black. siÃ¨ges conducteurs et passagers Ã©lectriques avec mÃ©moires. sonorisation mÃ©ridien. rÃ©gulateur et limiteur de vitesse. systÃ¨me anti collision avant et arriÃ¨re plus dÃ©tecteur de franchissement de ligne. lumiÃ¨re d'ambiance 7 couleurs toit panoramique teintÃ© plus de photos de l'intÃ©rieur serons ajouter bientÃ´t",24/03/2023,24/03/2023
[RÃ©f:3183841] Ford fiesta ghia,Automobiles  > Ford  > Fiesta,Tunisie  > Tunis  > El Omrane Superieur  > El Omrane Superieur,Essence,5 CV,300 000,27/04/2006,Bleu,MÃ©canique,18 000 Dinar Tunisien (TND),"ford fiesta ghia en trÃ¨s bon Ã©tat couleur bleu   5 ch.v : essence, climatisÃ©e,  2 vitres avant Ã©lectriques, jantes aluminium, direction assistÃ©e, clÃ© fermeture a distance double clÃ©, detecteur de pluie et lumiere automatique, airbag.. mise en circulation :27/04/ 2006 contacter 98464958",17/02/2023,24/03/2023,undefined
[RÃ©f:3164231] 307 cc  2 Ã¨me main,Automobiles  > Peugeot  > 307,Tunisie  > Tunis  > Ain Zaghouan  > Ain Zaghouan,Essence,8 CV,178 000,17/06/2006,Bleu gris,MÃ©canique,18 700 Dinar Tunisien (TND),307 cc 2 Ã¨me main acheter c fait 4 ans d'une vieille femme qui n'a pas trop rouler kit embrayage changer il y a une semaine  feux du jour  essui glace  automatique  rÃ©gulateur de vitesse  antibrouillard  dÃ©tecteur de pluie  feux du jour   kit ambrayage changÃ© il y a une deux semaine   montage franÃ§ais commande de france appelez le 98349658 ou 50777658,14/12/2022,24/03/2023,undefined
[RÃ©f:3194828] Avec 1ere main,Automobiles Â >Â Chevrolet Â >Â Aveo,Tunisie Â >Â Ariana Â >Â Ariana Ville Â >Â Borj El Baccouche,Essence,5Â CV,145 000,14/07/2013,Noir,MÃ©canique,23 000Â Dinar Tunisien (TND),voiture 1ere main mÃ©decin..salon cuir..quatre pneus neufs..29810318,24/03/2023,24/03/2023
[RÃ©f:3194816] Dacia dokker van lux,Automobiles Â >Â Dacia Â >Â Autre ModÃ¨le,Tunisie Â >Â Ben arous Â >Â Megrine Â >Â Megrine,Diesel,6Â CV,190 000,01/01/2018,blanc,MÃ©canique,28 000Â Dinar Tunisien (TND),dacia dokker 84 ch matricule     : tu 201 boite              : manuel 5 vitesses modÃ¨le         : van lux vitrÃ©e jante             : 16,24/03/2023,24/03/2023
[RÃ©f:3194812] Voiture d'une femme,Automobiles Â >Â Peugeot Â >Â 206+,Tunisie Â >Â Monastir Â >Â Sahline Â >Â Mootmar,Essence,4Â CV,213,01/04/2012,gris mÃ©tallisÃ©,MÃ©canique,21 800Â Dinar Tunisien (TND),une belle 206+ bien entretenue peinture d origine moteur d origine vitre Ã©lectrique avant climatiseur en marche,24/03/2023,24/03/2023
[RÃ©f:3193852] Hyundai gd i10,Automobiles  > Hyundai  > Autre ModÃ¨le,Tunisie  > Tunis  > Le Bardo  > Le Bardo,Essence,4 CV,24 000,10/09/2019,Blanc,Automatique,40 000 Dinar Tunisien (TND),a vendre bel hyundai gd i10 bva 24000km 4cv 3cylindre clim vitre Ã©lectrique commande au volant radio jantes d'origine direction assistÃ©e..,21/03/2023,24/03/2023,undefined
[RÃ©f:3194807] Mercedes e 200,Automobiles Â >Â Mercedes Â >Â E,Tunisie Â >Â Ariana Â >Â Ariana Ville Â >Â Ariana,Diesel,9Â CV,58 000,10/10/2009,Noir,MÃ©canique,85 000Â Dinar Tunisien (TND),mercedes e200 diesel trÃ¨s propre 58mille kms seulement pratiquement neuve couleur noir .....boÃ®te manuelle,24/03/2023,24/03/2023
[RÃ©f:3157097] Jaguar xjl,Automobiles  > Jaguar  > Autre ModÃ¨le,Tunisie  > Ben arous  > Megrine  > Megrine,Essence,16 CV,94 000,06/12/2016,noire,Automatique,150 000 Dinar Tunisien (TND),"a vendre jaguar xjl 1Ã¨re main, annÃ©e 2016, tu 193, automatique, 16 cv, toutes options. prix 150.000",21/11/2022,24/03/2023,undefined
[RÃ©f:3194772] Hyundai solaris,Automobiles Â >Â Hyundai Â >Â Accent,Tunisie Â >Â Ariana Â >Â La Soukra Â >Â Cite Elyes,Essence,6Â CV,82 000,12/10/2017,gris,MÃ©canique,34 000Â Dinar Tunisien (TND),"hyundai solaris toute option 6 chevaux essence  55079943",24/03/2023,24/03/2023
[RÃ©f:3194727] Une kuv 100 k8 toute neuve,Automobiles Â >Â Mahindra Â >Â Autre ModÃ¨le,Tunisie Â >Â Sousse Â >Â Sousse Ville Â >Â Sousse,Essence,5Â CV,3 600,27/05/2022,Noir,MÃ©canique,41 800Â Dinar Tunisien (TND),je mets Ã  vendre ma kuv100 /k8... trÃ¨s peu circulee avec kilomÃ©trage moins que 4000...tres propre et toute neuve... 1Ã¨re main et encore en garantie,24/03/2023,24/03/2023
[RÃ©f:3190050] Citroen saxo,Automobiles  > Citroen  > Saxo,Tunisie  > Tunis  > Le Bardo  > Bouchoucha,Essence,4 CV,223 000,20/06/1998,GRIS,MÃ©canique,10 500 Dinar Tunisien (TND),citroÃ«n saxo Ã  vendre en trÃ¨s bon Ã©tat,10/03/2023,24/03/2023,undefined
[RÃ©f:3185531] Hilux toyota tayara,Automobiles  > Toyota  > Hi.Lux,Tunisie  > Ben arous  > Hammam Lif  > Hammam Lif,Diesel,10 CV,n.d,01/01/1989,Vert,MÃ©canique,28 000 Dinar Tunisien (TND),a vendre une camionnette bon Ã©tat veuillez contacter 29651533,23/02/2023,24/03/2023,undefined
[RÃ©f:3189149] Mazda 2 sedan,Automobiles  > Mazda  > 2,Tunisie  > Tunis  > Ain Zaghouan  > Ain Zaghouan,Essence,202 CV,140 000,01/01/2018,miel,MÃ©canique,42 000 Dinar Tunisien (TND),mazda 2 sedan  premiÃ¨re main  Ã©dition exclusive sky active toutes options 4 vitres Ã©lectriques climatisation chaud froid camÃ©ra de recul commande tableau de bord volant Ã©cran tactile bluetooth,07/03/2023,24/03/2023,undefined
[RÃ©f:3194581] Bonne occasion a ne pas rarer,Automobiles Â >Â Mahindra Â >Â Autre ModÃ¨le,Tunisie Â >Â Tunis Â >Â Ain Zaghouan Â >Â Ain Zaghouan,Essence,5Â CV,30 200,24/10/2019,Rouge,MÃ©canique,37 000Â Dinar Tunisien (TND),mahindra deuxiÃ¨me version Ã©cran tactile radar de recul gps rÃ©troviseurs rabattables  Ã©lectriquement vitres Ã©lectriques avant mechya 30200 entretien maison avec carnet d'entretien sans aucune retouche ni accidentÃ©e,24/03/2023,24/03/2023
[RÃ©f:3194558] Golf 7 smartline prix imbattable cause dÃ©part,Automobiles  > Volkswagen  > Golf 7,Tunisie  > Tunis  > Ain Zaghouan  > Ain Zaghouan,Essence,5 CV,110 000,11/05/2017,Noir,MÃ©canique,43 000 Dinar Tunisien (TND),"cause dÃ©part Ã  l'Ã©tranger, je mets en vente ma voiture golf 7 smartline toutes options, en trÃ©s trÃ©s bon Ã©tat, bien entretenu depuis l'achat (avec preuves), 0 accidents ou rayures ce prix est imbattable avec les options de la voiture, mais lÃ©gÃ¨rement nÃ©gociable. merci de me contacter seulement par tÃ©lÃ©phone: 55 099 099",23/03/2023,23/03/2023,undefined
[RÃ©f:3194539] Suzuki ciaz,Automobiles Â >Â Suzuki Â >Â Autre ModÃ¨le,Tunisie Â >Â Ben arous Â >Â Rades Â >Â Rades Meliane,Essence,5Â CV,32 000,29/12/2020,Beige,MÃ©canique,48 000Â Dinar Tunisien (TND),num; 58320010 / 32000 km prix 48 000 trÃ¨s belle voiture suzuki ciaz nouveau model premiere main en etat neuf voiture trÃ¨s trÃ¨s propre intÃ©rieur et extÃ©rieur toute option,23/03/2023,23/03/2023
[RÃ©f:3194535] Clio 5 chevaux,Automobiles Â >Â Renault Â >Â Clio,Tunisie Â >Â Tunis Â >Â Ettahrir Â >Â Ettahrir 1,Essence,5Â CV,60 800,10/11/2019,blanc cristal,MÃ©canique,43 500Â Dinar Tunisien (TND),"clio life plus 1.2 quatre cylindres et 5 chevaux 1Ã¨re main , faible kilometrage Ã©quipÃ©e par une alarme et et un radar de recul d'origine",23/03/2023,23/03/2023
[RÃ©f:3194445] Polo7 gris,Automobiles  > Volkswagen  > Polo 7,Tunisie  > Tunis  > La Marsa  > Cite Des Juges 2,Essence,4 CV,31 000,02/11/2016,null,MÃ©canique,36 500 Dinar Tunisien (TND),a vendre polo 7 tres propre bien entretenu  faible kilometrage mouch cha3biya gachara lÃ© tel 20 782142,23/03/2023,23/03/2023,undefined
[RÃ©f:3176119] C220 diesel,Automobiles Â >Â Mercedes Â >Â C,Tunisie Â >Â Tunis Â >Â La Marsa Â >Â Marsa Safsaf,Diesel,9Â CV,200 000,01/01/2012,Noir,MÃ©canique,62 000Â Dinar Tunisien (TND),mercedes c 220 diesel kit amg - modele : 2012 - sÃ©rie 160 - kilomÃ©trage : 200mkm  -puissance fiscale : 9cv  - energie : diesel  - couleur extÃ©rieure: noir  - boite vitesse manuelle 6 vitesse. moteur d'origine mercedes  98665554,22/01/2023,23/03/2023
[RÃ©f:3185132] Nouvelle kia model 2023,Automobiles Â >Â Kia Â >Â Sportage,Tunisie Â >Â Manouba Â >Â Mannouba Â >Â La Mannouba,Essence,10Â CV,6 000,03/09/2022,Noir,Automatique,150 000Â Dinar Tunisien (TND),la nouvelle kia 2023 haute gamma 8 rapport toit ouvrant jante 19 pouces chargeur telephone sans fil full led adaptif presque neuf avec les sachets,22/02/2023,23/03/2023
[RÃ©f:3194192] Pm dacia duster,Automobiles  > Dacia  > Duster,Tunisie  > Nabeul  > Grombalia  > Grombalia,Diesel,5 CV,190,28/08/2017,Gris,MÃ©canique,45 000 Dinar Tunisien (TND),avec radar de reculÂ’ gps,23/03/2023,23/03/2023,undefined
[RÃ©f:3194190] 207 diesel,Automobiles  > Peugeot  > 207,Tunisie  > Sousse  > Sousse Jaouhara  > Sahloul,Diesel,4 CV,215,17/07/2007,Bleu/gris,MÃ©canique,22 000 Dinar Tunisien (TND),"je mets en vente une 207 , 4 chevaux diesel 1.4 hdi. kilomÃ©trage 215mil. poste radio avec Ã©cran tactile, feux xÃ©non, climatisation bizone, fermeture centrale,camera de recule... voiture trÃ¨s bien entretenue et surtout surtout une trÃ¨s faible consommation. le prix est lÃ©gÃ¨rement nÃ©gociable.",22/03/2023,22/03/2023,undefined
[RÃ©f:3194186] Hyundai h350 presque,Automobiles Â >Â Hyundai Â >Â Autre ModÃ¨le,Tunisie Â >Â Sfax Â >Â Sfax Ville Â >Â Cite Commerciale,Diesel,8Â CV,128 000,07/03/2018,Blanc,MÃ©canique,62 000Â Dinar Tunisien (TND),avendre hyundai h350 presque neuf toutes options vitre Ã©lectrique climatronic ordinateur de bord,22/03/2023,22/03/2023
[RÃ©f:3194181] Fiat punto,Automobiles Â >Â Fiat Â >Â Punto,Tunisie Â >Â Ben arous Â >Â Ben Arous Â >Â Ben Arous,Essence,4Â CV,228 000,21/09/1998,Rouge,MÃ©canique,15 000Â Dinar Tunisien (TND),a vendre fiat punto contact mohamed 90420181,22/03/2023,22/03/2023
[RÃ©f:3194175] Honda hrv 2020,Automobiles Â >Â Honda Â >Â HR-V,Tunisie Â >Â Tunis Â >Â El Menzah Â >Â El Manar 2,Essence,7Â CV,40 000,12/12/2019,MAUVE GRIS,Automatique,85 000Â Dinar Tunisien (TND),pour un admirateur de la marque honda  hr-v 1.5 l essence  presque neuve.  4 roues motrices intÃ©grales   fermeture centralisÃ©e avec commande d'origine  4 vitres Ã©lectriques  rÃ©troviseurs Ã©lectriques  la climatisation  les jantes avec pneus large  honda h-rv comfort 1.5 cvt  prix : 85mdt ðŸ”´ caractÃ©ristiques : âœ… annÃ©e : 2020  âœ… kilomÃ©trage :  40mkm ðŸ”µ caractÃ©ristiques techniques : âœ… energie : essence  âœ… puissance fiscale : 7cv âœ… boÃ®te : automatique  âœ… transmission : traction,22/03/2023,22/03/2023
[RÃ©f:3194155] Seat leon 2019,Automobiles Â >Â Seat Â >Â Leon,Tunisie Â >Â Tunis Â >Â La Marsa Â >Â El Aouina,Essence,6Â CV,57 200,19/07/2019,Blanc,MÃ©canique,65 700Â Dinar Tunisien (TND),"seat leon 2019 - 1Ã¨re main57 mkm1.2 tsi (essence) 6 cv fiscaux Â– 110 cv din.finition design Â– options :6 airbags esc / espcontrÃ´le de pression des pneustoit ouvrant panoramiquefeu de jour Ã  ledvolant cuir multifonctionsradar de reculfrein Ã  main Ã©lectrique + aide au dÃ©marrage en cÃ´tefeux et essuis glaces automatiquesrÃ©gulateur de vitesseclimatisation automatique bi-zonesiÃ¨ge conducteur et passager rÃ©glable en hauteur et en profondeurrÃ©troviseur intÃ©rieur anti-Ã©blouissement4 vitres Ã©lectriques Ã  impulsion ouverture et fermeture des vitres et du toit Ã  distance avec la clÃ©etc...",22/03/2023,22/03/2023
[RÃ©f:3194126] Polo 7 1Ã¨re main en trÃ¨s bon Ã©tat,Automobiles Â >Â Volkswagen Â >Â Polo 7,Tunisie Â >Â Tunis Â >Â El Menzah Â >Â El Manar 1,Essence,4Â CV,187 000,20/06/2011,Gris charbon,MÃ©canique,29 000Â Dinar Tunisien (TND),"je mets en vente ma polo 7 en excellente Ã©tat. - voiture 1Ã¨re main- date de la premiÃ¨re mise en circulation : juin 2011- kilomÃ©trage : 187 000 km (11 ans et 9 mois)   - motorisation nerveuse et trÃ¨s Ã©conomique (moteur 1.2 essence avec 4 cv puissance fiscale)- voiture Ã  l'Ã©tat d'origine maison : peinture, moteur, vitres et optiques avantarriÃ¨re.- des rideaux sont montÃ©s sur les vitres avant arriÃ¨re pour limiter les rayons uv + accoudoire central d'origine vw + poste sony - entretien (vidange) Ã  jour : prochain vidange prÃ©vu Ã  192 000 km (huile castrol 10w40, filtre huile et filtre Ã  air)- 3 bougies d'allumage changÃ©es lors du dernier vidange le 29/10/2022 + lavage moteur avec un produit spÃ©cial- essuie glace avant arriÃ¨re changÃ©s le 29/10/2022- optiques de phares avant rÃ©novÃ©es le 24/02/2023   - climatiseur bien entretenu et en parfaite Ã©tat (charge clim + changement du filtre habitacle effectuÃ© en juin 2022)- 4 roues en parfaite Ã©tat (changÃ©s en 2021) / roue de secours en parfaite Ã©tat avec tous ses accessoires.- 0 dÃ©faut mÃ©canique/Ã©lectrique- quelques retouches au niveau de la tole Ã  prÃ©voir. n.b : tous les entretiens sont effectuÃ©s chez fixe & go",22/03/2023,22/03/2023
[RÃ©f:3194104] Iveco daily 35 c 15,Automobiles  > Iveco  > Daily,Tunisie  > Tunis  > El Hrairia  > El Hrairia,Diesel,10 CV,254 000,07/03/2008,*****,MÃ©canique,47 000 Dinar Tunisien (TND),camion plateau daily 35 c15 importer en 2012 premiere main,22/03/2023,22/03/2023,undefined
[RÃ©f:3193962] Attrage neuve,Automobiles Â >Â Mitsubishi Â >Â Autre ModÃ¨le,Tunisie Â >Â Ariana Â >Â Ariana Ville Â >Â Ariana,Essence,4Â CV,44 000,10/11/2020,Rouge,MÃ©canique,37 800Â Dinar Tunisien (TND),"voiture familiale neuve entretien chez maison mÃ¨re.tel 25000981",22/03/2023,22/03/2023
[RÃ©f:3193888] Renault master 3 fourgonnette dci100 confort,Automobiles  > Renault  > Master,Tunisie  > Ariana  > Raoued  > Cite El Ghazala 1,Diesel,8 CV,188 000,31/12/2010,Blanc,MÃ©canique,25 000 Dinar Tunisien (TND),"f3300 l2h2 diesel 8cv ~185000km  cylindrÃ©e 2 299 cm3 type traction : avant boÃ®te de vitesse : boÃ®te manuelle, 6 vitesses type : fourgon nombre de portes : 4 nombre de siÃ¨ges : 3 pneu av : 225/65 r16 pneu ar : 225/65 r16 cloison complÃ¨te tÃ´lÃ©e porte latÃ©rale droite coulissante tÃ´lÃ©e porte ar 180Â° tÃ´lÃ©es accoudoir av rangement central de planche de bord rangement porte av lÃ¨ve-vitres av Ã©lectriques (impulsionnel Ã  la descente cÃ´tÃ© conducteur) volant rÃ©glable en hauteur direction assistÃ©e  1Ã¨re m.e.c.: 30/12/2010 importÃ© de france en 2015  prix : 25,000 tnd (prix du neuf Ã  partir de 30,000Â€ pour ce modÃ¨le)  *prix nÃ©gociable uniquement si sÃ©rieux* *echange possible avec vÃ©hicule de prix similaire*  ne pas appeler Ã  partir de 21h ou avant 7h svp   keywords: stafet staffet stafett staffett stafette staffette estafet estaffet estaffett estaffette estaffete estafette fourgon camion camionnette utilitaire iveco isuzu jumper daily Ø´Ø§Ø­Ù†Ø© ÙƒÙ…ÙŠÙˆÙ† Ø³ØªØ§ÙØ§Øª",22/03/2023,22/03/2023,undefined
[RÃ©f:3193837] 206 plus anÃ©e 2011,Automobiles Â >Â Peugeot Â >Â 206+,Tunisie Â >Â Ben arous Â >Â Nouvelle Medina Â >Â Nouvelle Medina,Essence,4Â CV,132 000,26/08/2012,Gris,MÃ©canique,23 800Â Dinar Tunisien (TND),"a vendre 206+ , climat7isÃ©e,bien entretenue,1er main",21/03/2023,21/03/2023
[RÃ©f:3193828] Voiture peugeot partner,Automobiles Â >Â Peugeot Â >Â Partner,Tunisie Â >Â Ben arous Â >Â Ben Arous Â >Â Ben Arous,Essence,6Â CV,156 000,01/09/2013,Gris mÃ©tallisÃ©,MÃ©canique,33 500Â Dinar Tunisien (TND),voiture peugeot partner 5 places,21/03/2023,21/03/2023
[RÃ©f:3063876] Mercedes  c250  elegance,Automobiles  > Mercedes  > 250,Tunisie  > Ben arous  > Ben Arous  > Ben Arous,Diesel,9 CV,500,05/04/1994,NOIR,MÃ©canique,18 000 Dinar Tunisien (TND),mercedes  c250  elegance,31/01/2022,21/03/2023,undefined
[RÃ©f:3193819] Smartline golf 7,Automobiles Â >Â Volkswagen Â >Â Golf 7,Tunisie Â >Â Ariana Â >Â Ariana Ville Â >Â Cite Ennasr 1,Essence,5Â CV,165 000,30/11/2014,Noir,MÃ©canique,46 000Â Dinar Tunisien (TND),"particulier vend golf 7 modÃ¨le smart line 1.2 tsi essence 5 cv modÃ¨le 2015 1ere main, jamais accidentÃ©e, trÃ¨s bien entretenue, excellent Ã©tat, aucune consommation d'huile moteur, roue de secours jamais utilisÃ©e, plaquettes et disque de frein neufs, batterie neuf,  vidange faite + filtres, systÃ¨me d'alarme et radar de recul, Ã©cran tactile, commandes au volant, jantes alliage d'origine, 4 vitres Ã©lectrique, climatronique bi-zone en excellent Ã©tat de marche...  modÃ¨le 2015 , 165mkmaucun frais Ã  prÃ©voir",21/03/2023,21/03/2023
[RÃ©f:3193818] Golf 7 smart line  premiÃ¨re main,Automobiles Â >Â Volkswagen Â >Â Golf 7,Tunisie Â >Â Ariana Â >Â Ariana Ville Â >Â Cite Ennasr 1,Essence,5Â CV,165 000,30/11/2014,Noir,MÃ©canique,46 000Â Dinar Tunisien (TND),"particulier vend golf 7 modÃ¨le smart line 1.2 tsi essence 5 cv modÃ¨le 2015 1ere main, jamais accidentÃ©e, trÃ¨s bien entretenue, excellent Ã©tat, aucune consommation d'huile moteur, roue de secours jamais utilisÃ©e, plaquettes et disque de frein neufs, batterie neuf,  vidange faite + filtres, systÃ¨me d'alarme et radar de recul, Ã©cran tactile, commandes au volant, jantes alliage d'origine, 4 vitres Ã©lectrique, climatronique bi-zone en excellent Ã©tat de marche...  modÃ¨le 2015 , 165mkm aucun frais Ã  prÃ©voir",21/03/2023,21/03/2023
[RÃ©f:3193786] 301 peugeot etat impeccable,Automobiles Â >Â Peugeot Â >Â Autre ModÃ¨le,Tunisie Â >Â Tunis Â >Â Ain Zaghouan Â >Â Ain Zaghouan,Essence,5Â CV,85 000,20/02/2019,MARRON,MÃ©canique,32 000Â Dinar Tunisien (TND),av peugeot 301 en parfait etat toutes options,21/03/2023,21/03/2023
[RÃ©f:3192551] Audi 80 1983,Automobiles  > Audi  > 80,Tunisie  > Tunis  > Cite El Khadra  > Cite Jardins,Essence,7 CV,500 000,15/10/1983,gris,MÃ©canique,10 000 Dinar Tunisien (TND),"a vendre audi 80 essence ancien modÃ¨le annÃ©e 1983, 7 cv, boite 4 vitesses, prix: 10000 dinars. tÃ©l: 94657131.",16/03/2023,21/03/2023,undefined
[RÃ©f:3193761] Ssangyong tivoli xlv,Automobiles  > Ssangyong  > Family,Tunisie  > Sousse  > Sousse Jaouhara  > Sahloul,Essence,7 CV,55 000,27/02/2018,Gris charbon,MÃ©canique,67 500 Dinar Tunisien (TND),voiture corÃ©enne -moteur mercedes-premiÃ¨re main -toutes options -annÃ©e 2018-7cv-boite 6 vitesses -essence -55000km-avec carnet dÂ’entretien Ã  la maison ssangyong -camÃ©ra  -radar de recul-ordinateur de bord-volant cuir multi fonctions-rÃ©gulateur de vitesse -3 modes de conduite -capteur de lumiÃ¨re -capteur de pluie -abs-esp-antipatinage-climatisation automatique -feux de position led-antibrouillards -jantes alliages -airbag-4 vitres Ã©lectriques -rÃ©troviseurs Ã©lectriques rabattables-rÃ©troviseur intÃ©rieur antiÃ©bluissement-grand Ã©cran tactile -kit tÃ©lÃ©phone main libre-bluetooth -entrÃ©es :usb -hdmi -12v-vitres tintÃ©es-voiture non fumeur- etcÂ….,21/03/2023,21/03/2023,undefined
[RÃ©f:3193692] Grande punto,Automobiles Â >Â Fiat Â >Â Grande Punto,Tunisie Â >Â Tunis Â >Â Sidi El Bechir Â >Â Monfleury,Essence,5Â CV,166 000,04/07/2011,Gris,MÃ©canique,24 500Â Dinar Tunisien (TND),"Ã  vendre fiat grande punto â— mise en circulation en 07/2011â— prix : 24 500 dinars nÃ©gociableâ— kilomÃ©trage: 166 000 kmâ— deuxiÃ¨me mainâ— 5 chevaux fiscauxâ— 4 cylindresâ— deux vitres Ã©lectriques â— lecteur cdâ— commande au volant multifonctions â— airbag, abs, climatisationâ— boite manuelle 1.2l.nb:mÃ©canique bien entretenue",21/03/2023,21/03/2023
[RÃ©f:3193629] Peugot 206  plus,Automobiles Â >Â Peugeot Â >Â 206+,Tunisie Â >Â Ariana Â >Â Ariana Ville Â >Â Borj El Baccouche,Essence,4Â CV,145 000,29/12/2009,Noire,MÃ©canique,23 500Â Dinar Tunisien (TND),206 plus noire 145 klm,21/03/2023,21/03/2023
[RÃ©f:3189101] Mg gt boite auto,Automobiles Â >Â Mg Â >Â Autre ModÃ¨le,Tunisie Â >Â Tunis Â >Â Bab Bhar Â >Â Bab Bhar,Essence,6Â CV,150 000,02/05/2018,noir,Automatique,37 000Â Dinar Tunisien (TND),mg gt boite auto couleur noir en bon etat,07/03/2023,21/03/2023
[RÃ©f:3189104] Passat boite manuelle,Automobiles Â >Â Volkswagen Â >Â Passat,Tunisie Â >Â Tunis Â >Â Bab Bhar Â >Â Bab Bhar,Essence,7Â CV,150 000,01/06/2017,noir,MÃ©canique,52 000Â Dinar Tunisien (TND),vw passat boite manuelle bon etat couleur noir,07/03/2023,21/03/2023
[RÃ©f:3189106] Mercedes e boite automatic,Automobiles Â >Â Mercedes Â >Â E,Tunisie Â >Â Tunis Â >Â Cite El Khadra Â >Â Kheireddine Pacha,Essence,9Â CV,150 000,09/05/2015,noir,Automatique,98 000Â Dinar Tunisien (TND),mercedes tres bon etat boite automatic,07/03/2023,21/03/2023
[RÃ©f:3193569] Volkswagen polo,Automobiles Â >Â Volkswagen Â >Â Autre ModÃ¨le,Tunisie Â >Â Ben arous Â >Â Mornag Â >Â Mornag,Essence,4Â CV,16 644,30/12/2019,Bleu,MÃ©canique,50 000Â Dinar Tunisien (TND),Ã  vendre volkswagen polo 8 30.12.2019 essence 04 ch systÃ¨me d'antiblocage des roues abs  direction assistÃ©  Ã©clairage de jour Ã  led jante en acier 14 kilomÃ©trage : 16644 couleur : bleu sÃ©rie : 214 prix : 50000 dt prix fixe  tÃ©l : 50662400,21/03/2023,21/03/2023
[RÃ©f:3193552] Iveco c11 trÃ¨s bonne Ã©tat,Automobiles Â >Â Autre Marque Â >Â Autre ModÃ¨le,Tunisie Â >Â Ariana Â >Â Ariana Ville Â >Â Cite Jaafar,Diesel,11Â CV,280 000,24/06/2009,Blanc,MÃ©canique,1 900Â Dinar Tunisien (TND),iveco c11 mÃ©canique trÃ¨s bonne Ã©tat retouche accessoires ctt numÃ©ro : 55 430 096 / sÃ©rie : 149tu****,21/03/2023,21/03/2023
[RÃ©f:3191628] Peugeot 404 collection,Automobiles Â >Â Peugeot Â >Â 404,Tunisie Â >Â Tunis Â >Â Carthage Â >Â Cartage Plage,Essence,9Â CV,n.d,03/04/1962,Noir,MÃ©canique,15 000Â Dinar Tunisien (TND),"Ã  vendre peugeot 404 collection,couleur noire, Ã©tat dÂ’origine usine,moteur essence d'origine en bonne fonctionnement, puissance fiscale 9 chauveauxcarrosserie berline, accessoires dÂ’origine,toit ouvrant, carte grise date de premiÃ¨re mise en circulation 03/04 /1962,la voiture est en bon Ã©tat de conduite, avec assurance, la voiture est avec ses papiers complets. prix 15 miles dinars. tÃ©lÃ©phone   98631635",15/03/2023,20/03/2023
[RÃ©f:3193540] Hyundai i20 presque neuf,Automobiles  > Hyundai  > Autre ModÃ¨le,Tunisie  > Ariana  > Ariana Ville  > El Menzah 7,Essence,5 CV,6 650,02/08/2022,blanche,MÃ©canique,69 000 Dinar Tunisien (TND),a vendre ce beau hyundai i20 en parfait Ã©tat (presque neuf). boÃ®te auto + plein d'autres options. nÃ©gociable,20/03/2023,20/03/2023,undefined
[RÃ©f:3191772] Peugeot 404 collection affaire,Automobiles  > Peugeot  > 404,Tunisie  > Tunis  > Carthage  > Cartage Plage,Essence,9 CV,n.d,03/04/1962,Noir,MÃ©canique,15 000 Dinar Tunisien (TND),"un bon affaire pour les passionnants des voitures de collection  Ã  vendre peugeot 404 collection, couleur noire, Ã©tat dÂ’origine usine, moteur essence d'origine en bonne fonctionnement, puissance fiscale 9 chauveaux carrosserie berline accessoires dÂ’origine, toit ouvrant, carte grise date de premiÃ¨re mise en circulation 03/04 /1962, la voiture est en bon Ã©tat de conduite,  avec assurance,  la voiture est avec ses papiers complets.  prix 15 miles dinars.  tÃ©lÃ©phone  98631635",15/03/2023,20/03/2023,undefined
[RÃ©f:3193507] Voiture premiÃ¨re main bien entrentenu,Automobiles Â >Â Chevrolet Â >Â CRUZE,Tunisie Â >Â Ariana Â >Â La Soukra Â >Â La Soukra,Essence,7Â CV,95 000,01/11/2018,Grise,MÃ©canique,39 000Â Dinar Tunisien (TND),"belle voiture bien entrentenu, 4 pneu neufs, puissante et robuste.",20/03/2023,20/03/2023
[RÃ©f:3193502] Cause dÃ©part,Automobiles Â >Â Fiat Â >Â Fiorino,Tunisie Â >Â Nabeul Â >Â Nabeul Â >Â Nabeul,Diesel,5Â CV,8 000,25/11/2022,Blanc,MÃ©canique,6 500Â Dinar Tunisien (TND),cause dÃ©part a l'Ã©tranger ; on met en vente fiat fiorino 1ere main kilomÃ©trage 8000  age 4mois sÃ©rie 233  pour toute information contacter : 22 299 067,20/03/2023,20/03/2023
[RÃ©f:3187542] Volkswagen jetta,Automobiles  > Volkswagen  > Jetta,Tunisie  > Sfax  > Sfax Ville  > Sfax,Essence,6 CV,218 000,28/11/2011,Noir,MÃ©canique,43 000 Dinar Tunisien (TND),"je vends ma volkswagen jetta .  date de premiere circulation le 28/11/2011  1.2 tsi 105ch berline, noire, 6 cv, 4 portes, 5 places  boite manuelle 6 vitesses  options et Ã©quipements :  extÃ©rieur :  - rÃ©troviseurs Ã©lectriques  - rÃ©troviseurs rabattables  - 4vitres Ã©lectriques  - jantes aluminium  - accoudoir central  - ordinateur de bord  - volant rÃ©glable  - volant cuir  - radio cd mp3 tactile, support carte sd, aux  - climatisation automatique  -siÃ¨ges chauffants  sÃ©curitÃ© :  - direction assistÃ©e  - fermeture centralisÃ©e  - abs  - airbags latÃ©raux  - anti-patinage  - esp  - phares antibrouillard  - radar avant de dÃ©tection d'obstacles  - radar arriÃ¨re de dÃ©tection d'obstacles  - rÃ©gulateur de vitesse  -4 vitres Ã©lectriques -carnet entretien disponible",02/03/2023,20/03/2023,undefined
[RÃ©f:3193307] Golf 04 tdi 5cv,Automobiles Â >Â Volkswagen Â >Â Golf 4,Tunisie Â >Â Ben arous Â >Â Ben Arous Â >Â Ben Arous,Diesel,5Â CV,n.d,01/01/2000,null,MÃ©canique,15 000Â Dinar Tunisien (TND),golf 4 a vendre 5cv  tdi,20/03/2023,20/03/2023
[RÃ©f:3193297] Mercedes c 200 kompressor,Automobiles Â >Â Mercedes Â >Â C,Tunisie Â >Â Sousse Â >Â Hammam Sousse Â >Â Hammam Sousse,Essence,11Â CV,200 000,30/06/2008,Noir,Automatique,46 500Â Dinar Tunisien (TND),"mercedes c 200 w 204 kompressor annÃ©e 2008,salon cuir beige, verres fumÃ©es, Ã©tat intact sur tout les plans.voiture disponible Ã  sousse et le prix demandÃ© est lÃ©gÃ¨rement nÃ©gociable.contact par msg privÃ© ou 98404513,26688800.",20/03/2023,20/03/2023
[RÃ©f:3193278] Mercedes c200 d accidentÃ©e,Automobiles Â >Â Mercedes Â >Â C,Tunisie Â >Â Monastir Â >Â Monastir Â >Â Monastir,Diesel,11Â CV,75 000,01/02/2019,Verte,Automatique,45 000Â Dinar Tunisien (TND),"a vendre une trÃ¨s belle mercedes c220 de 2019 accidentÃ©ele tout (sans papiers) ou en piÃ¨ces dÃ©tachÃ©es.dÃ©gÃ¢ts sur le masque avant et lÂ’avant train, tous les airbags sortis.moteur intact et tournant (diesel, 11 cv, 75.000 km)boite auto Ã  9 rapports intacte.trÃ¨s bel intÃ©rieur en cuir beige condition neuve. inserts en bois prÃ©cieux sur les portes et le tableau de bord. systÃ¨me informatique en marche.contacter le 98288819prix a negocier",19/03/2023,19/03/2023
[RÃ©f:3193275] Renault clio chipie 4cv en bon Ã©tat,Automobiles Â >Â Renault Â >Â Clio,Tunisie Â >Â Ariana Â >Â Mnihla Â >Â Jardins d'el Menzah,Essence,4Â CV,n.d,20/01/1998,,MÃ©canique,11 500Â Dinar Tunisien (TND),a vendre renault clio chipie 4cv en bon Ã©tat,19/03/2023,19/03/2023
[RÃ©f:3193266] Voiture fiat punto 3,Automobiles Â >Â Fiat Â >Â Punto,Tunisie Â >Â Ben arous Â >Â El Mourouj Â >Â El Mourouj,Essence,5Â CV,280,21/04/2008,noir,MÃ©canique,151 515Â Dinar Tunisien (TND),voiture fiat punto 3 annÃ©e 2008  toute option pour plus d'information contacter 98947382,19/03/2023,19/03/2023
[RÃ©f:3193259] Palio 1 direction ass clim en marche vitre Ã©lec,Automobiles Â >Â Fiat Â >Â Palio,Tunisie Â >Â Bizerte Â >Â Bizerte Nord Â >Â Bizerte,Essence,4Â CV,284,07/02/2000,Gris,MÃ©canique,8 000Â Dinar Tunisien (TND),palio 1 direction assistÃ©e climatiseur en marche vitre Ã©lectrique,19/03/2023,19/03/2023
[RÃ©f:3193254] Belle alfa 156 ess prix sacrifiÃ©,Automobiles Â >Â Alfa romeo Â >Â 156,Tunisie Â >Â Tunis Â >Â Le Bardo Â >Â Le Bardo,Essence,8Â CV,n.d,25/11/2000,Gris,MÃ©canique,8 700Â Dinar Tunisien (TND),"dÃ©marcheur vend alfa 156 ess puiss:8cv  ann:2000 prix sacrifiÃ©: 8,700dt frais de commission:300dt",19/03/2023,19/03/2023
[RÃ©f:3193251] Fiat punto classic 3,Automobiles Â >Â Fiat Â >Â Punto,Tunisie Â >Â Ariana Â >Â Ariana Ville Â >Â Ariana,Essence,5Â CV,130 000,04/06/2008,Bleu,MÃ©canique,16 400Â Dinar Tunisien (TND),plus photos sur whatsapp 22774819 : je met ma voiture fiat punto classic 3 en bonne Ã©tat couleur bleu moteur et mÃ©canique en bonne Ã©tat 5cv faible consommation sÃ©rie 133 modÃ¨le 2008 poste radio neuf climatiseur et chauffage en marche direction assistÃ©e 2 viltres Ã©lectriques tous les papiers en vigueur intÃ©rieure et carrosserie acceptable et surtout faible kilomÃ©trage prix lÃ©gÃ¨rement nÃ©gociable..,19/03/2023,19/03/2023
[RÃ©f:3193233] Fiat punto grandi pop 2014,Automobiles Â >Â Fiat Â >Â Punto,Tunisie Â >Â Manouba Â >Â Mannouba Â >Â La Mannouba,Essence,4Â CV,96 000,15/10/2014,Noir,MÃ©canique,22 500Â Dinar Tunisien (TND),fiat punto grandi pop fin 2014 mta3kssiba,19/03/2023,19/03/2023
[RÃ©f:3178187] A ne pas rater,Automobiles  > Peugeot  > 307,Tunisie  > Ariana  > Ariana Ville  > Ariana,Diesel,5 CV,308 000,08/06/2007,Bleu mÃ©tallisÃ©e,MÃ©canique,13 000 Dinar Tunisien (TND),307 phase2 moteur b9 ex taxi,29/01/2023,19/03/2023,undefined
[RÃ©f:3193208] Peugeot 208,Automobiles Â >Â Peugeot Â >Â 208,Tunisie Â >Â Ariana Â >Â La Soukra Â >Â Aeroport Tunis Carthage,Essence,5Â CV,69 000,17/07/2018,orange,MÃ©canique,38 000Â Dinar Tunisien (TND),"1.1 essence 5cv, juillet  2018, climatiseur automatique bizone,  allumage automatique des feux, feu du jour avant et arriÃ¨re led, dÃ©tecteur de pluie, ecran  tactile 7 '', 4 lÃ¨ve-vitres Ã©lectriques sÃ©quentiels + fermeture Ã  distance de l'extÃ©rieur avec la clÃ©s, jantes alu, rÃ©troviseur intÃ©rieur monochrome anti Ã©blouissement, radar de recul, peinture d'origine.",19/03/2023,19/03/2023
[RÃ©f:3190570] 208 de femme 1iere main,Automobiles Â >Â Peugeot Â >Â 208,Tunisie Â >Â Monastir Â >Â Monastir Â >Â Monastir,Essence,5Â CV,93 000,24/06/2016,Noir,MÃ©canique,35 000Â Dinar Tunisien (TND),"208 sÃ©rie spÃ©ciale couleur noir, toutes options sauf cuir.calandre et rÃ©troviseur extÃ©rieur spÃ©cialÃ©cran tactile intÃ©rieur/protÃ©gÃ©.camÃ©ra de recul et radar de reculvitre Ã©lectrique 4 fenÃªtres.retroviseur extÃ©rieur Ã©lectriquement rabattablealarme sÃ©curitÃ© d'origineverrouillage centralfeu antibrouillard avant.climatiseur Ã©lectroniquecommandes au volant de l'autoradio/sÃ©lecteur.volant et siege conducteur rÃ©glable en hauteur.ajoutÃ© en plus  plaque de protection sous moteur d'origine de peugeotpeu roulÃ© : 93000 kmprix 35000 dt lÃ©gÃ¨rement nÃ©gociable.",12/03/2023,19/03/2023
[RÃ©f:3193194] Polo 6 en trÃ¨s bon Ã©tat,Automobiles Â >Â Volkswagen Â >Â Polo 6,Tunisie Â >Â Tunis Â >Â El Menzah Â >Â El Menzah 9,Essence,4Â CV,118 000,21/03/2006,GRISE METALISEE,MÃ©canique,23 000Â Dinar Tunisien (TND),"Ã  vendre polo 6, 4 cv, annÃ©e 2006, gris mÃ©tallisÃ©.  peu roulÃ©e,118000 km au compteur, en trÃ¨s bon Ã©tat. vitres avant Ã©lectriques, climatiseur, rk7 , visible Ã  el menzah 9 sur rdv. prix : 23000,000 dt.  tel : 98303259.",19/03/2023,19/03/2023
[RÃ©f:3181554] 308hdi model2009,Automobiles  > Peugeot  > 308,Tunisie  > Tunis  > Bab Bhar  > Bab Bhar,Diesel,5 CV,274 000,03/03/2009,noire,MÃ©canique,33 000 Dinar Tunisien (TND),"je met en vente 308hdi 1.6 model 2009 toute option alarme climatisation chaÃ®ne et pompe a eau , 4 peneu bridgestone,2disque d'origine avant avec patin et2disque arriÃ¨re origine avec patin et et 3 support moteur dorigine tous changer rÃ©cemment huile frein purger et changement huile de boite vitesse tous effectuer au stafim peugeot numÃ©ro  55 635 518",10/02/2023,19/03/2023,undefined
[RÃ©f:3193170] Polo 7 4 cylindres 1ere main,Automobiles Â >Â Volkswagen Â >Â Polo 7,Tunisie Â >Â Ariana Â >Â Ariana Ville Â >Â Ariana,Essence,5Â CV,136 000,20/01/2012,Blanc,MÃ©canique,34 000Â Dinar Tunisien (TND),"vw polo 7, 1ere main, 1.4l,  4 cylindres,peinture d'origine, excellent etat",18/03/2023,18/03/2023
[RÃ©f:3193147] Citroen c4 coupÃ©,Automobiles Â >Â Citroen Â >Â C4,Tunisie Â >Â Sfax Â >Â Sfax Ville Â >Â Sfax,Essence,7Â CV,194 000,29/06/2006,Bleu MÃ©tallisÃ©,MÃ©canique,21 900Â Dinar Tunisien (TND),a ne pas rater!!!  a vendre c4 coupÃ© c4  3 portes juillet 2006 7cv essence 194000km trÃ¨s bonne Ã©tat  disponible Ã  sfax prix 21900 tel 28696299,18/03/2023,18/03/2023
[RÃ©f:3193122] Jumper h3 a sfax,Automobiles Â >Â Citroen Â >Â Jumper,Tunisie Â >Â Sfax Â >Â Sfax Est Â >Â Cite El Habib,Diesel,7Â CV,212 000,29/06/2012,Blanc,MÃ©canique,23 000Â Dinar Tunisien (TND),citroÃ«n jumper h3 a sfax ÙÙŠ ØµÙØ§Ù‚Ø³ annÃ©e 2012 212000 km vitres Ã©lectriques  climatisÃ©  visite technique valide en bonne Ã©tat  28696299,18/03/2023,18/03/2023
[RÃ©f:3193114] Peugeot 106,Automobiles Â >Â Peugeot Â >Â 106,Tunisie Â >Â Manouba Â >Â Mannouba Â >Â Denden,Essence,4Â CV,200 000,03/05/1994,Rouge,MÃ©canique,10 000Â Dinar Tunisien (TND),"106 phase 1  sÃ©rie 81moteur nahla semi injection 2 portes 2 vitres Ã©lectriques4 chevaux  essence 3 cylindres     nouvelle batteriecontact : 26 26 10 59",18/03/2023,18/03/2023
[RÃ©f:3193109] Seat leon style dsg,Automobiles Â >Â Seat Â >Â Leon,Tunisie Â >Â Sfax Â >Â Sfax Ville Â >Â Sfax,Essence,6Â CV,98 000,04/11/2013,Blanc,Automatique,51 900Â Dinar Tunisien (TND),"a vendre seat leon style toute options, boite automatique, 1Ã¨re main, en trÃ¨s bon Ã©tat, peinture dÂ’origine. tous les entretiens chez la maison seat (factures Ã  lÂ’appui).",18/03/2023,18/03/2023
[RÃ©f:3193105] Mercedes classe,Automobiles Â >Â Mercedes Â >Â Autre ModÃ¨le,Tunisie Â >Â Nabeul Â >Â Hammamet Â >Â Zone Hoteliere,Essence,37Â CV,70 000,19/12/2021,blanche,Automatique,350 000Â Dinar Tunisien (TND),"mercedes cla 45 amg blanche tout options, pour plus d'information merci de contacter hamdi",18/03/2023,18/03/2023
[RÃ©f:3193097] Polo premiere main,Automobiles Â >Â Volkswagen Â >Â Polo 6,Tunisie Â >Â Ariana Â >Â Ariana Ville Â >Â Ariana,Essence,4Â CV,156 000,26/06/2007,,MÃ©canique,20 000Â Dinar Tunisien (TND),"a vendre polo grise premiÃ¨re mainelle n'a pas circuler depuis 3 ansclimatisation et fermeture centrale",18/03/2023,18/03/2023
[RÃ©f:3193074] C elysee 1 Ã¨re main en trÃ¨s bon Ã©tat,Automobiles  > Citroen  > Autre ModÃ¨le,Tunisie  > Ariana  > La Soukra  > Chotrana 1,Essence,5 CV,102 900,15/07/2016,Blanche,MÃ©canique,26 500 Dinar Tunisien (TND),mise en circulation 07-2016  5cv - essence  1 Ã¨re main - 102 000 km  entretien Ã  la maison citroen jusquÂ’Ã  4 ans- 4 vitres Ã©lectriques- 4 hauts parleurs - bluetooth- Ã©cran afficheur- tableau de bord tungstÃ¨ne- poignÃ©es et rÃ©troviseurs couleur caisse- rÃ©gulateur et fixateur de vitesse- lecteur cd- port usb- prise jack- climatiseur - siÃ¨ge conducteur rÃ©glable en hauteur- siÃ¨ges arriÃ¨res rabattables 2/3- roue de secours jamais utilisÃ©e- feux antibrouillards,18/03/2023,18/03/2023,undefined
[RÃ©f:3193037] Nissan note,Automobiles  > Nissan  > Note,Tunisie  > Sousse  > Sousse Ville  > Cite Jaouhara,Essence,5 CV,129 000,27/10/2011,noire,MÃ©canique,30 000 Dinar Tunisien (TND),5 places / coffre 280 l 1332 l / mÃ©canique 5 rapports / 4 cylindre en ligne /88ch Ã  5 200 trs min / conso 5.9 l au 100 km en mixte / assistance au freinage d'urgence / abs / airbag latÃ©raux / essuie glace capteur de pluie / ordinateur de bord / air conditionnÃ© full / rÃ©gulateur de vitesse / bluetooth / phare Ã  allumage automatique / antibrouillards / prix nÃ©gociable,18/03/2023,18/03/2023,undefined
[RÃ©f:3140979] Caravane buerstner,Automobiles Â >Â Autre Marque Â >Â Autre ModÃ¨le,Tunisie Â >Â Tunis Â >Â La Marsa Â >Â Berge Du Lac,Electrique,1Â CV,1 000,03/04/1991,Blanc,MÃ©canique,22 500Â Dinar Tunisien (TND),"caravane Ã  vendre.belle caravane bien conservÃ©e de buerstner construite en 1991 Ã  vendre au plus offrant, Ã©quipÃ©e de:       Â• kitchenette avec Ã©vier et deux plaques de cuisson (gaz)       Â• chauffage       Â• systÃ¨me photovoltaÃ¯que complet 2 x 100 w       Â• auvent sur toute la longueur de la caravane       Â• rÃ©servoir d'eau avec pompe Ã  eau       Â• antenne parabolique avec rÃ©cepteur et cÃ¢ble coaxial       Â• deux bouteilles de gaz (11 litres)       Â• cabine de douche et toilettes       Â• chambre       Â• salon avec table Ã  manger       Â• penderie et nombreux placards    Â• transat j'attends avec impatience vos offres Ã©quitables!abdelaziz",01/10/2022,18/03/2023
[RÃ©f:3192948] Ford fiesta 1ere main en excellent Ã©tat,Automobiles  > Ford  > Fiesta,Tunisie  > Ariana  > Ariana Ville  > Cite Ennasr 2,Essence,5 CV,89 500,01/02/2016,Blanche,MÃ©canique,33 500 Dinar Tunisien (TND),"a vendre ford fiesta en excellent Ã©tat, 1Ã¨re main, entretien maison ford avec factures et carnet d'entretien, roue hankook achetÃ©es en juillet 2022, batterie neuve avec garantie.",18/03/2023,18/03/2023,undefined
[RÃ©f:3164715] Av ford fiesta,Automobiles Â >Â Ford Â >Â Fiesta,Tunisie Â >Â Ben arous Â >Â El Mourouj Â >Â El Mourouj,Essence,5Â CV,163,02/07/2014,gris,MÃ©canique,28 500Â Dinar Tunisien (TND),"av ford fiesta, toutes options, double clÃ©, Ã©tat noeuf, jamais accidentÃ©.",16/12/2022,18/03/2023
[RÃ©f:3189237] Av volkswagen caddy 1er main,Automobiles Â >Â Volkswagen Â >Â Caddy,Tunisie Â >Â Ben arous Â >Â El Mourouj Â >Â El Mourouj,Diesel,8Â CV,233,04/03/2010,blanc,MÃ©canique,20 000Â Dinar Tunisien (TND),"av volkswagen caddy 1er main, 8cv, gazoil, clim, assistÃ©, les vittres d'origines volkswagen, double clÃ©, l'Ã©tat noeuf, jamais accidentÃ©.",08/03/2023,18/03/2023
[RÃ©f:3192916] Une belle new beetle,Automobiles Â >Â Volkswagen Â >Â Beetle,Tunisie Â >Â Ariana Â >Â Ariana Ville Â >Â Ariana,Essence,8Â CV,250 000,21/10/1999,Bleu,MÃ©canique,17 000Â Dinar Tunisien (TND),"Ã  vendre une new beetle moteur golf 4, trÃ¨s puissant,  2 litre,",17/03/2023,17/03/2023
[RÃ©f:3188500] Passat 1ere main,Automobiles  > Volkswagen  > Passat,Tunisie  > Ariana  > Ariana Ville  > Borj El Baccouche,Essence,7 CV,162 000,28/02/2016,Gris,MÃ©canique,56 000 Dinar Tunisien (TND),a  vendre passat etat neuf contact 23275333,05/03/2023,17/03/2023,undefined
[RÃ©f:3188068] Ford focus sedan,Automobiles Â >Â Ford Â >Â Focus,Tunisie Â >Â Tunis Â >Â Ain Zaghouan Â >Â Ain Zaghouan,Essence,6Â CV,90 000,20/12/2017,gris magnetic,MÃ©canique,38 000Â Dinar Tunisien (TND),"ford focus sedan ecoboostpremiÃ¨re main",03/03/2023,17/03/2023
[RÃ©f:3192726] Moteur piÃ¨ces dÃ©tachÃ©es audi q3,Automobiles Â >Â Audi Â >Â Q3,Tunisie Â >Â Ben arous Â >Â Megrine Â >Â Megrine,Diesel,n.d,35 000,10/08/2014,gris,Automatique,7 000Â Dinar Tunisien (TND),"a vendre piÃ¨ces dÃ©tachÃ©es audi q3 boit auto annÃ©es 2014 importÃ© ; moteur , boite de vitesse , tableau , siÃ¨ges ....",17/03/2023,17/03/2023
[RÃ©f:3192688] C3 trÃ¨s propre,Automobiles  > Citroen  > C3,Tunisie  > Ben arous  > Ben Arous  > Ben Arous,Essence,4 CV,340 000,07/01/2004,rouge,MÃ©canique,15 800 Dinar Tunisien (TND),voiture premiÃ¨re main,17/03/2023,17/03/2023,undefined
[RÃ©f:3192585] Hyundai  i10,Automobiles Â >Â Hyundai Â >Â Autre ModÃ¨le,Tunisie Â >Â Tunis Â >Â Cite El Khadra Â >Â Cite El Khadra,Essence,5Â CV,67 000,25/08/2017,Gris,MÃ©canique,32 000Â Dinar Tunisien (TND),a vendre belle hyundai  i10,16/03/2023,16/03/2023
[RÃ©f:3192526] Polo 6 Ã  manouba,Automobiles  > Volkswagen  > Polo 6,Tunisie  > Manouba  > Mannouba  > La Mannouba,Essence,4 CV,173 000,05/01/2006,Bleu,MÃ©canique,20 500 Dinar Tunisien (TND),Ã  vendre polo 6 Ã  manouba. 4 cv / 173 mille km / essence. pour tout complÃ©ment d'information priÃ¨re de contacter le : 97 445 251.,16/03/2023,16/03/2023,undefined
[RÃ©f:3192452] Peugeot 3008 1Ã¨re main,Automobiles Â >Â Peugeot Â >Â 3008,Tunisie Â >Â Sfax Â >Â Sfax Ville Â >Â Sfax,Essence,7Â CV,77 000,25/05/2019,Gris argent,Automatique,92 000Â Dinar Tunisien (TND),peugeot 3008 1Ã¨remain. excellent Ã©tat. entretien exclusif chez peugeot. prix nÃ©gociable,16/03/2023,16/03/2023
[RÃ©f:3192440] Polo 4 en trÃ¨s bon Ã©tat,Automobiles  > Volkswagen  > Polo 4,Tunisie  > Sfax  > Sfax Ville  > Sfax,Essence,4 CV,425 000,13/09/2001,gris clair mÃ©tallisÃ©,MÃ©canique,16 700 Dinar Tunisien (TND),"a vendre polo 4 (1.4 mpi) 1Ã¨re main en trÃ¨s bon Ã©tat, avec carnet entretien Ã©quipÃ©e de :  - moteur 1.4 rÃ©cemment installÃ©  - ecran tactile android 4g 7pouces avec camÃ©ra de recul  - jantes en aluminium  - vitres Ã©lectriques avant  - climatiseur  - accoudoir avant   - alarme  - fermeture Ã  distance  prix lÃ©gÃ¨rement nÃ©gociable pour intÃ©ressÃ©s, merci de contacter 55 77 85 44.",16/03/2023,16/03/2023,undefined
[RÃ©f:3192405] Nissan micra,Automobiles Â >Â Nissan Â >Â Micra,Tunisie Â >Â Ariana Â >Â La Soukra Â >Â Chotrana 1,Essence,5Â CV,60 000,12/06/2018,Grise,MÃ©canique,32 000Â Dinar Tunisien (TND),"nissan micra 32000dt nÃ©gociable kilomÃ©trage : 60000km annÃ©e : 2018 puissance fiscale : 5 cv boÃ®te manuelle Ã©nergie : essence vitres Ã©lectriques : avant climatisation connectivitÃ© : aux , usb contacte : 28999792 gouvernorat : ariena",16/03/2023,16/03/2023
[RÃ©f:3192404] Golf 6 bon etat,Automobiles Â >Â Volkswagen Â >Â Golf 6,Tunisie Â >Â Tunis Â >Â Le Bardo Â >Â Le Bardo,Essence,5Â CV,255 000,24/11/2011,feuille d'argent,MÃ©canique,37 000Â Dinar Tunisien (TND),"bon etatetat d'origine",16/03/2023,16/03/2023
[RÃ©f:3015726] Clio en bonne Ã©tat,Automobiles  > Renault  > Clio,Tunisie  > Tunis  > La Marsa  > Cite Du Stade,Essence,5 CV,368 000,26/04/2006,gris,MÃ©canique,21 000 Dinar Tunisien (TND),"clio classique 5 ch sÃ©rie 121  ,2eme main , vitres Ã©lectriques  4 nouveaux roue,  climatisÃ©  et bien entretenu . pour plus d informations ou des photos contacter tel ou whatsapp:21143905",18/09/2021,16/03/2023,undefined
[RÃ©f:3192312] Belle voiture,Automobiles Â >Â Ford Â >Â Focus,Tunisie Â >Â Tunis Â >Â Le Bardo Â >Â Le Bardo,Essence,6Â CV,112 000,25/03/2016,rouge,MÃ©canique,40 000Â Dinar Tunisien (TND),le prix est nÃ©gociable,16/03/2023,16/03/2023
[RÃ©f:3191117] Passat b5 trÃ¨s propre,Automobiles Â >Â Volkswagen Â >Â Passat,Tunisie Â >Â Ben arous Â >Â El Mourouj Â >Â El Mourouj,Diesel,5Â CV,240 000,24/06/2001,Gris,MÃ©canique,23 000Â Dinar Tunisien (TND),passat b5 trÃ¨s bien entretenue,14/03/2023,16/03/2023
[RÃ©f:3192146] Kangoo en bonne Ã©tat,Automobiles Â >Â Renault Â >Â Kangoo,Tunisie Â >Â Ariana Â >Â Ariana Ville Â >Â Ariana,Essence,6Â CV,454 778,13/05/2003,Gris,MÃ©canique,22 000Â Dinar Tunisien (TND),voiture en trÃ¨s bon Ã©tat,16/03/2023,16/03/2023
[RÃ©f:3192122] Fiat doblo,Automobiles Â >Â Fiat Â >Â Doblo,Tunisie Â >Â Tunis Â >Â Carthage Â >Â Cartage Byrsa,Diesel,5Â CV,255 000,01/07/2014,Gris,MÃ©canique,18 500Â Dinar Tunisien (TND),"une voiture utilitaire en parfait Ã©tat.chaine changÃ©e rÃ©cemment.retapÃ©e en similicuir.4 roues changÃ©esbien entretenue, vidange complet dÃ©jÃ  fait.climatiseur en marche.",16/03/2023,16/03/2023
[RÃ©f:3192108] Dame vend suzuki celerio,Automobiles Â >Â Suzuki Â >Â Autre ModÃ¨le,Tunisie Â >Â Tunis Â >Â Cite El Khadra Â >Â Cite Olympeade,Essence,4Â CV,68 700,22/11/2018,Grise,MÃ©canique,31 000Â Dinar Tunisien (TND),dame vend suzuki celerio 1Ã¨re main. essence. grise. 68700 km. climatisation. direction assistÃ©e. economique Ã  31000dt,15/03/2023,15/03/2023
[RÃ©f:3192100] Mg en trÃ¨s bon Ã©tat,Automobiles Â >Â Mg Â >Â ZS,Tunisie Â >Â Ariana Â >Â Ariana Ville Â >Â Ariana,Essence,n.d,86 000,05/11/2019,Grise,MÃ©canique,60 000Â Dinar Tunisien (TND),voiture neuve et en trÃ¨s bon Ã©tat,15/03/2023,15/03/2023
[RÃ©f:3192055] Peugeot 208,Automobiles  > Peugeot  > 208,Tunisie  > Tunis  > Le Bardo  > Le Bardo,Essence,5 CV,160 000,04/11/2015,gris,MÃ©canique,26 800 Dinar Tunisien (TND),Ã  vendre 208 trÃ¨s bonne Ã©tat,15/03/2023,15/03/2023,undefined
[RÃ©f:3192053] Grande punto,Automobiles Â >Â Fiat Â >Â Grande Punto,Tunisie Â >Â Tunis Â >Â Le Bardo Â >Â Le Bardo,Essence,5Â CV,220 000,02/02/2012,noir,MÃ©canique,16 800Â Dinar Tunisien (TND),Ã  vendre grande punto trÃ¨s bonne Ã©tat,15/03/2023,15/03/2023
[RÃ©f:3021249] Chevrelet cruze lt nouveau modÃ©le,Automobiles Â >Â Chevrolet Â >Â CRUZE,Tunisie Â >Â Tunis Â >Â Le Bardo Â >Â Khaznadar,Essence,7Â CV,43 000,10/08/2017,NOIR,MÃ©canique,53 000Â Dinar Tunisien (TND),vend chevrolet lt cruz noir diamon nouveau modelÃ© trÃ¨s peu rouler trÃ¨s faible kilomÃ©trage 43000 toute option mise en circulation 10/08/2017 pris 53000 a dÃ©battre une vraie berline Ã©lÃ©gante convient famille avec coffre 470 litre courtier s abstenir.tel 24 333 285.,02/10/2021,15/03/2023
[RÃ©f:3191861] Suzuki celerio gris,Automobiles Â >Â Suzuki Â >Â Autre ModÃ¨le,Tunisie Â >Â Le Kef Â >Â Le Kef Est Â >Â Le Kef,Essence,4Â CV,107 000,01/05/2017,Gris,MÃ©canique,26 000Â Dinar Tunisien (TND),"a vendre suzuki celerio  sÃ©rie 197 *tt options*4 cv*05/2017*107000km*clÃ© double*jante alu",15/03/2023,15/03/2023
[RÃ©f:3187942] Hyundai i10,Automobiles Â >Â Hyundai Â >Â Autre ModÃ¨le,Tunisie Â >Â Ariana Â >Â Ariana Ville Â >Â Ariana,Essence,5Â CV,100 000,01/06/2016,noir,MÃ©canique,33 500Â Dinar Tunisien (TND),a vendre hyundai i 10 sedan tts optes prix 33500 d tel 52 340 604,03/03/2023,15/03/2023
[RÃ©f:3191055] Belle audi a4,Automobiles Â >Â Audi Â >Â A4,Tunisie Â >Â Ariana Â >Â Ariana Ville Â >Â Ariana,Essence,7Â CV,253 600,26/10/2013,Blanc,Automatique,48 000Â Dinar Tunisien (TND),a vendre audi a4 tfsi boite automatique  essence modÃ¨le 2013 en bonne Ã©tat et plus d'informations appeler sur 29 388 480,13/03/2023,15/03/2023
[RÃ©f:3173953] Audi a4 iv b8  tfsi 160ch ambiente,Automobiles Â >Â Audi Â >Â A4,Tunisie Â >Â Tunis Â >Â Ain Zaghouan Â >Â Ain Zaghouan,Essence,9Â CV,200 000,01/02/2010,Gris,MÃ©canique,42 500Â Dinar Tunisien (TND),"energie : essence boÃ®te de vitesses : manuelle kilomÃ©trage : 200 000km puissance fiscale : 9 cv puissance rÃ©elle : 160 ch / 118 kw consommation :  cycle urbain : 9,5 l/100km extra urbain : 5,6 l/100km mixte : 7,1 l/100km date de mise en circulation : fÃ©vrier 2010  Ã©quipement: -	sellerie cuir -	bois  -	radio cd mp3 -	kit mains-libres bluetooth -	prise usb -	ordinateur de bord -	 -	capteur de pluie et de luminositÃ© -	rÃ©gulateur de vitesse -	phares xÃ©non + led -	jantes alu -	radar de recul -	banquette 1/3-2/3 -	clim automatique -	direction assistÃ©e -	verrouillage centralisÃ© des portes -	4 vitres Ã©lectriques -	volant rÃ©glable en profondeur et hauteur -	abs -	airbags frontaux -	airbags latÃ©raux avant -	airbags rideaux -	antipatinage -	esp    dernier entretien Ã  195 000km: -	4 pneus neufs  -	4 amortisseurs neufs  -	4 disques de frein neufs -	plaquettes neuves -	tetes de cardans neuvess -	bras de suspendions neufs -	bras de directions neufs -	biellettes de suspensions neuves  vidange (filtres et huile Ã  200 000km)",15/01/2023,15/03/2023
[RÃ©f:3191630] Femme vend une trÃ¨s belle great wall m4,Automobiles Â >Â Great Wall Â >Â Great Wall M4,Tunisie Â >Â Ariana Â >Â Ariana Ville Â >Â Ariana,Essence,6Â CV,43 000,24/07/2019,Rouge,MÃ©canique,45 000Â Dinar Tunisien (TND),"femme vend une great wall m4 , trÃ¨s faible kilomÃ©trage 43000 prix 45000 ,tel 58157095  boÃ®te manuellecouple 130 nm - 4000 tr/mincylindrÃ©e 1497 cm3energie essencenombre de cylindres 4nombre de rapports 5puissance (ch.din) 94 chpuissance fiscale 6 cvtransmission traction puissance et consommation consommation mixte 7.2 l/100 km carrosserie carrosserie suvhauteur 1617largeur 1728longueur 3961nombre de places 5nombre de portes 5volume du coffre 232 l equipements extÃ¨rieurs antibrouillards ,barres de toit ,elÃ©ments extÃ©rieurs couleur carrosserie pare-chocs, rÃ©troviseursfeux de position Ã  led avantjantes en aluminium, 16",15/03/2023,15/03/2023
[RÃ©f:3191610] Fiat tipo presque neuf,Automobiles  > Fiat  > Tipo,Tunisie  > Tunis  > Cite El Khadra  > El Charguia,Essence,5 CV,55 000,05/05/2019,BLANC,MÃ©canique,46 000 Dinar Tunisien (TND),a vendre fiat tipo excellent Ã©tat avec faible kilomÃ©trage climatiseur vitre Ã©lectrique entretien maison fiat,14/03/2023,14/03/2023,undefined
[RÃ©f:3191609] Honda brio,Automobiles Â >Â Honda Â >Â Autre ModÃ¨le,Tunisie Â >Â Tunis Â >Â La Marsa Â >Â Gammart,Essence,5Â CV,88 000,15/12/2017,Rouge,MÃ©canique,27 800Â Dinar Tunisien (TND),contactez moi pour une visite sur le 98216544,14/03/2023,14/03/2023
[RÃ©f:3191589] Fiorino occasion excellent Ã©tat,Automobiles Â >Â Fiat Â >Â Fiorino,Tunisie Â >Â Tunis Â >Â Cite El Khadra Â >Â Zone urbaine nord,Diesel,n.d,56 000,25/09/2018,Gris,MÃ©canique,31 000Â Dinar Tunisien (TND),56000km /4 roues changÃ©es / barre de toit dÂ’origine / couleur grise mÃ©tallisÃ©e dÂ’origine / excellent Ã©tat 56000km/entretien chez le concessionnaire jusquÂ’au aujourdÂ’hui,14/03/2023,14/03/2023
[RÃ©f:3191583] Voiture kia cee'd,Automobiles Â >Â Kia Â >Â Cee'd,Tunisie Â >Â Nabeul Â >Â Nabeul Â >Â Nabeul,Essence,6Â CV,65 500,21/04/2017,noir,MÃ©canique,51 000Â Dinar Tunisien (TND),"Â• energie : essence. Â• nombre de cylindres : 4. Â• nombre de rapports : 6. Â• puissance fiscale : 6  Â• peinture : noire mÃ©tallisÃ©e. Â• feux de position Ã  led : avant et arriÃ¨re. Â• autoradio : 6 haut-parleurs et commandes au volant. Â• bouton start & stop. Â• modes de conduite : normal, confort et sport. Â• ordinateur de bord. Â• sellerie : tissu. Â• siÃ¨ges avant rÃ©glables en hauteur. Â• vitres Ã©lectriques : avant/arriÃ¨re. Â• volant : cuir, multi-fonctions. Â• volant et pommeau de levier de vitesse en cuir. Â• accoudoirs : avant et arriÃ¨re. Â• clÃ© intelligente. Â• climatisation : climatronic bizone. Â• connectivitÃ© : aux, bluetooth et usb. Â• direction assistÃ©e. Â• fermeture centralisÃ©e : Ã  distance. Â• frein de parking Ã©lÃ©ctrique. Â• radar de stationnement : avant et arriÃ¨re. Â• rÃ©gulateur de vitesse : limiteur de vitesse. Â• rÃ©troviseurs extÃ©rieurs : Ã©lectriques, rabattables et avec clignotants intÃ©grÃ©s. Â• siÃ¨ges : rÃ©glage lombaire. Â• volant rÃ©glable : en hauteur et en profondeur. Â• abs. Â• airbags : frontaux, latÃ©raux et rideaux. Â• alarme antivol Â• anti-dÃ©marrage Ã©lectronique. tel : 98300324",14/03/2023,14/03/2023
[RÃ©f:2997775] Une belle peugeot 207 phase 2,Automobiles Â >Â Peugeot Â >Â 207,Tunisie Â >Â Ariana Â >Â Ariana Ville Â >Â Ariana,Essence,5Â CV,202 000,20/05/2012,Gris charbon,MÃ©canique,25 000Â Dinar Tunisien (TND),a vendre une belle 207 phase 2 tte options 5cv propriÃ©taire direct,02/08/2021,14/03/2023
[RÃ©f:3191463] Mercedes c200 cdi,Automobiles Â >Â Mercedes Â >Â C,Tunisie Â >Â Ben arous Â >Â Fouchana Â >Â Douar El Houch,Diesel,7Â CV,388 000,15/08/2002,noir,MÃ©canique,27 000Â Dinar Tunisien (TND),pas sÃ©rieux s'abstenir,14/03/2023,14/03/2023
[RÃ©f:3191435] Nisan micra,Automobiles  > Nissan  > Micra,Tunisie  > Nabeul  > Nabeul  > Nabeul,Essence,5 CV,99 928,23/07/2020,blanc,MÃ©canique,34 500 Dinar Tunisien (TND),belle voiture mta3 mra 5arja la france t7eb tbi3 premiÃ¨re main kol chay original prix a discuter .... nthifa barcha,14/03/2023,14/03/2023,undefined
[RÃ©f:3191267] Voiture 106 bonne occasion,Automobiles Â >Â Peugeot Â >Â 106,Tunisie Â >Â Tunis Â >Â Ettahrir Â >Â Ettahrir 1,Essence,4Â CV,n.d,24/08/1997,Bleu,MÃ©canique,7 500Â Dinar Tunisien (TND),a vendre voiture 106 peugeot deux portes moteur en trÃ¨s bon Ã©tat prix 7500d tel 21685934,14/03/2023,14/03/2023
[RÃ©f:3189810] Av mercedes gla 180,Automobiles Â >Â Mercedes Â >Â GL,Tunisie Â >Â Ariana Â >Â Ariana Ville Â >Â Ariana,Essence,7Â CV,50 000,07/05/2019,noire,MÃ©canique,125 000Â Dinar Tunisien (TND),"a vendre mercedes gla-180 importÃ©e dÂ’europe, 07 cv fiscaux essence, boite Ã  06 vitesses, 1Ã¨re mise en circulation mai 2019, garde au sol relevÃ©e, phares led hautes performances, kit main libre, intÃ©rieur cuir artico beige sahara, siÃ¨ges confort, volant multifonctions en cuir, alarme intÃ©grÃ©e, jantes aluminium 17 pouces, climatronic, systÃ¨me dÂ’assistance au parking, 50.000 km au compteur, vitres Ã©lectriques av et ar, start/stop, airbags, aucune dÃ©pense Ã  prÃ©voir.uniquement pour personnes disposant dÂ’un fcr.",09/03/2023,13/03/2023
[RÃ©f:3191064] Jetta tdi 2010,Automobiles Â >Â Volkswagen Â >Â Jetta,Tunisie Â >Â Tunis Â >Â El Hrairia Â >Â Ezzahrouni,Diesel,6Â CV,300 000,22/04/2010,Grise,MÃ©canique,26 500Â Dinar Tunisien (TND),"âœ…ï¸vw jetta 1.9 tdiðŸ’¯âœ…ï¸modÃ¨le 2010. âœ…ï¸kilomÃ©trage : 300000ðŸ¤‘prix : 26500âš ï¸visible Ã  : zarzis et tunis. ðŸ¥°une voiture nerveuse, robuste, stable en bonne Ã©tat gÃ©nÃ©ral, bien entretenue. ðŸ’¯âœŒï¸siÃ©ge rÃ©glable en hauteur et en profondeur âœŒï¸ðŸ‘Œtissu : similicuir. ðŸ‘Œâœ…ï¸4 vitres Ã©lectriques. ðŸ‘âœ…ï¸fermeture Ã  distance. âœ…ï¸feux antibrouillard.âœ…ï¸ accoudoir avant.âœ…ï¸ radar de recul.âœ…ï¸rÃ©troviseur Ã©lectrique.  â›”ï¸climatiseur : compresseur Ã  changer ðŸ˜” tel : 50.947.402.",13/03/2023,13/03/2023
[RÃ©f:3191062] Peugeot 407,Automobiles Â >Â Peugeot Â >Â 407,Tunisie Â >Â Tunis Â >Â Carthage Â >Â Carthage,Essence,9Â CV,20 000,14/05/2007,Noir,MÃ©canique,19 000Â Dinar Tunisien (TND),"a vendre peugeot 4079 cheveauxessenceannee 2007trl 26253089",13/03/2023,13/03/2023
[RÃ©f:3191048] Megane casquette,Automobiles Â >Â Renault Â >Â Megane,Tunisie Â >Â Manouba Â >Â Douar Hicher Â >Â Douar Hicher,Diesel,5Â CV,300,06/07/2006,Noir,MÃ©canique,19 000Â Dinar Tunisien (TND),a vendre megane casquette phase 2 diesel tt options avec toit ouvrant et 4 vitres Ã©lectriques,13/03/2023,13/03/2023
[RÃ©f:3191031] Kia rio coupÃ©e 1 ere main,Automobiles  > Kia  > Rio,Tunisie  > Tunis  > La Marsa  > Marsa Safsaf,Essence,5 CV,40 000,06/06/2013,bleu,MÃ©canique,39 500 Dinar Tunisien (TND),"kia rio coupÃ© 1 ere main , etat comme neuf, 40000 km, gente aluminium,  tt les entretiens Ã  la maison kia... pour plus d info veuillez m appeler sur 20557553",13/03/2023,13/03/2023,undefined
[RÃ©f:3187297] Clio bombÃ© 2 portes,Automobiles Â >Â Renault Â >Â Clio,Tunisie Â >Â Ariana Â >Â Ariana Ville Â >Â Ariana,Essence,4Â CV,370 000,05/11/2002,rouge,MÃ©canique,17 500Â Dinar Tunisien (TND),voiture propre  tte options  en trÃ©s bon Ã©tat,01/03/2023,13/03/2023
[RÃ©f:3190964] Volvo s60 en excellent Ã©tat,Automobiles Â >Â Volvo Â >Â S60,Tunisie Â >Â Ariana Â >Â La Soukra Â >Â La Soukra,Essence,11Â CV,238 000,09/04/2009,,Automatique,28 000Â Dinar Tunisien (TND),"moteur 5 cylindres 2 l essence boÃ®te automatiqueoptiques xÃ©non abs espclimatiseur mi-zonejantes alliages 16 pouces intÃ©rieur cuir noir rÃ©troviseur Ã©lectrique dÃ©tecteur de pluie4 vitres Ã©lectriquessiÃ¨ges avants chauffantssiÃ¨ge conducteur rÃ©glable et motorisÃ©238k de kilomÃ©trageannÃ©e de mise en circulation 2009",13/03/2023,13/03/2023
[RÃ©f:3190930] Clio ii importÃ© prix lÃ©gerement negotiable,Automobiles Â >Â Renault Â >Â Clio,Tunisie Â >Â Ben arous Â >Â Ben Arous Â >Â Ben Arous,Essence,4Â CV,265 000,01/01/2000,gris,MÃ©canique,17 000Â Dinar Tunisien (TND),"clio bombÃ© en trÃ¨s bonne Ã©tat (1Ã¨re main)-direction assistÃ©-vitre Ã©lÃ©ct-climatisÃ©-fermeture centrale-airbag",13/03/2023,13/03/2023
[RÃ©f:3190835] Clio dynamique,Automobiles Â >Â Renault Â >Â Clio,Tunisie Â >Â Tunis Â >Â La Marsa Â >Â Cite El Khalil,Essence,5Â CV,125 000,18/03/2014,Maran,MÃ©canique,34 000Â Dinar Tunisien (TND),"av jolie clio dynamique tt option1ere main âœ… annÃ©e 2014 âœ… kelometrage 125000 âœ…jante aluminiumâœ…climatroniqueâœ… Ã©cran tactile âœ…radar de recul âœ… visite technique 2025 âœ… jamais accidentÃ©eâœ…panture d origine âœ… prix 34000 lÃ©gÃ¨rement a dÃ©battrepour plus d'informations veuillez contacterâ˜Žï¸ 55557366â˜Žï¸54114117",13/03/2023,13/03/2023
[RÃ©f:3168083] 208 essence 2019,Automobiles Â >Â Peugeot Â >Â 208,Tunisie Â >Â Monastir Â >Â Monastir Â >Â Monastir,Essence,4Â CV,71 000,17/07/2019,Blanc,MÃ©canique,22 222Â Dinar Tunisien (TND),"peugeot 208 essence 1,2l; 4 chevaux. 17/07/201971000 kmclim, vitres Ã©lectriques, bluetooth,... tÃ©lÃ©: 21 139 251",28/12/2022,13/03/2023
[RÃ©f:3190761] Oppel corsa,Automobiles Â >Â Opel Â >Â Corsa,Tunisie Â >Â Ariana Â >Â Mnihla Â >Â Cite El Bassatine2,Essence,4Â CV,275 666,05/05/1995,noir,MÃ©canique,11 500Â Dinar Tunisien (TND),"oppel corsa de l'annee 1995 4 cv boite manuel kilometrage 275666 de couleur noir prix 11500 (nÃ©gociable) contactez karima 53566326",13/03/2023,13/03/2023
[RÃ©f:3190709] Bmw serie1,Automobiles Â >Â Bmw Â >Â SÃ©rie 1,Tunisie Â >Â Ariana Â >Â Ariana Ville Â >Â Ariana,Essence,6Â CV,142 000,12/01/2013,noir,MÃ©canique,45 000Â Dinar Tunisien (TND),bon etat seulement tsantira,13/03/2023,13/03/2023
[RÃ©f:3190329] Citroen c4,Automobiles  > Citroen  > C4,Tunisie  > Ariana  > Mnihla  > Jardins d'el Menzah,Essence,6 CV,185 000,12/03/2012,Gris shark,MÃ©canique,29 500 Dinar Tunisien (TND),1Ã¨re main - modÃ¨le 2012 - essence - 6cv 185000 km jantes alu abs direction assistÃ©e  esp 4 vitres Ã©lectriques  airbags climatisation en marche bluetooth / usb rÃ©gulateur / limitateur de vitesse volant multi fonctions accoudoir avant tel 54068822,11/03/2023,13/03/2023,undefined
[RÃ©f:3190685] Fiat doblo premiÃ¨re main,Automobiles  > Fiat  > Doblo,Tunisie  > Tunis  > El Menzah  > Tunis Belvedere,Essence,6 CV,23 000,13/07/2021,Gris Charbon,MÃ©canique,67 000 Dinar Tunisien (TND),"premiÃ¨re main, prix nÃ©gociable pour les sÃ©rieux, vignette 2023 payÃ©e",13/03/2023,13/03/2023,undefined
[RÃ©f:3190619] Tre bonne occasion,Automobiles Â >Â Hyundai Â >Â Autre ModÃ¨le,Tunisie Â >Â Ariana Â >Â Ariana Ville Â >Â Cite Ennasr 1,Essence,5Â CV,80 000,10/08/2018,blanche,MÃ©canique,31 500Â Dinar Tunisien (TND),hyundai i 10 sedan en bon etat 80 000 km   tel 96 840 625,12/03/2023,12/03/2023
[RÃ©f:3186954] Fiat excellent moteur,Automobiles Â >Â Fiat Â >Â Palio,Tunisie Â >Â Tunis Â >Â El Menzah Â >Â El Menzah 4,Essence,4Â CV,40 000,01/01/2008,Grise mÃ©tallisÃ©e,MÃ©canique,17 000Â Dinar Tunisien (TND),"palio excellent moteur fire, 40.000 km, 4 chevaux, grise mÃ©tallisÃ©e , 1Ã¨re main, mise en circulation 2008 , sÃ©rie 130, nÂ’a pas Ã©tÃ© conduite pour un bon laps de temps, fermeture centrale, salon semi cuir noir, vitres avant Ã©lectriques, direction assistÃ©e, climatisÃ©e et chauffÃ©e, baffles pour poste mp3, airbagÂ…prix peut Ãªtre nÃ©gociable .a noter quÂ’il faut ramener un mÃ©canicien lors de la visite et une batterie pour vÃ©rification.*la vente ne sera conclue que pour des particuliers sÃ©rieux et corrects. tÃ©l: 51 481 359",28/02/2023,12/03/2023
[RÃ©f:3190606] Q5 s line 4x4,Automobiles Â >Â Audi Â >Â Q5,Tunisie Â >Â Tunis Â >Â El Menzah Â >Â El Menzah 4,Diesel,10Â CV,201 000,25/08/2010,Noir,Automatique,68 000Â Dinar Tunisien (TND),"vs q5 s line quattro diesel 170 cv  en parfait Ã©tat tous les entretiens chez audi, boite auto, intÃ©rieur cuir, jante 19 pouces ...68mdtÃ©l 98704702",12/03/2023,12/03/2023
[RÃ©f:3190577] Mahindra en excellent etat 1ere main,Automobiles Â >Â Mahindra Â >Â Autre ModÃ¨le,Tunisie Â >Â Ben arous Â >Â Rades Â >Â Rades Medina,Essence,5Â CV,39 000,18/02/2019,,MÃ©canique,34 500Â Dinar Tunisien (TND),"mahindra kuv 100 en excellent etat , 1ere main, 39000 km",12/03/2023,12/03/2023
[RÃ©f:3190536] Citroen saxo rouge bordeaux,Automobiles Â >Â Citroen Â >Â Saxo,Tunisie Â >Â Ariana Â >Â Ariana Ville Â >Â Cite Ennouzha,Essence,4Â CV,270 000,01/03/2001,rouge bordeaux,MÃ©canique,11 500Â Dinar Tunisien (TND),"institutrice qui vend sa citroen saxo phase 3, 4 cylindres, rouge bordeaux, 270000 km.prochaine visite technique en aoÃ»t prochain.bien entretenu - besoin d'une voile de peinture.",12/03/2023,12/03/2023
[RÃ©f:3190535] Peugeot 106,Automobiles Â >Â Peugeot Â >Â 106,Tunisie Â >Â Tunis Â >Â Le Bardo Â >Â Khaznadar,Essence,4Â CV,216 895,08/01/1999,,MÃ©canique,13 500Â Dinar Tunisien (TND),a vendre une voiture peugeot 106,12/03/2023,12/03/2023
[RÃ©f:3190524] S50 en excellent etat,Automobiles Â >Â Dongfeng Â >Â Dongfeng S50,Tunisie Â >Â Tunis Â >Â La Marsa Â >Â Gammart,Essence,6Â CV,88 000,02/08/2019,Blanche,MÃ©canique,44 000Â Dinar Tunisien (TND),a vendre dongfeng s50 en excellent etat. entretenue a la maison dongfeng. premiere main.,12/03/2023,12/03/2023
[RÃ©f:3184109] Suzuki s presso,Automobiles Â >Â Suzuki Â >Â Autre ModÃ¨le,Tunisie Â >Â Tunis Â >Â Le Bardo Â >Â Le Bardo,Essence,4Â CV,20 000,24/01/2021,Bleu,MÃ©canique,32 900Â Dinar Tunisien (TND),"a vendre une belle suzuki s-presso 1er main presque neuve 2021 encore sous garantiefaible kilomÃ©trage 20 000  kmentretien rÃ©gulier chez maison suzukitrÃ¨s faible consommation consommation urbaine	3.7 l/100 kmconsommation mixte	4.6 l/100 km aide au stationnement radar de recul , vitre electrique ..... * tableau de bord numerique* alarme d'origine metasystem avec dÃ©tecteur de mouvement* peinture d'origine* tres belle sellerie faite sur mesure * accoudoir avant* vitre arriÃ¨re fumÃ© * climatise ......* tapis d'origine jamai servi tel 92272122/ 22647270dsiponible a bardopour s'informer du prix du neuf merci de contacter la societe '' car pro - 70 60 35 00'' (prix neuve a l'entour de 40mdt sacrifiÃ© a 32900 negociable)",19/02/2023,12/03/2023
[RÃ©f:3190433] Qashqai j10 grise sÃ©rie 173,Automobiles Â >Â Nissan Â >Â Qashqai,Tunisie Â >Â Tunis Â >Â La Marsa Â >Â Gammart,Diesel,6Â CV,210 000,07/09/2011,Gris,MÃ©canique,39 900Â Dinar Tunisien (TND),"cause dÃ©part, Ã  vendre une qashqai j10 Ã©dition connect 2011 avec son fameux moteur k9k 110 ch / 81 kw injection directe Ã  rampe commune acquise en 2014 de france. 4 pneus rÃ©cemment changÃ©s (5000 km). toutes options sauf cuir et bouton start (edition connect). consommation moyenne rÃ©elle observÃ©e (autoroute 5.9 l/100 - ville 6.3 l/100). conduite responsable avec une moyenne de 12 000 km /an depuis 2014.entretien rÃ©gulier, pas de rÃ©paration ni remplacement requis. vidange effectuÃ©, vignette 2023 offerte.prix non nÃ©gociable.",11/03/2023,11/03/2023
[RÃ©f:3190393] Mercedes classe e,Automobiles  > Mercedes  > 250,Tunisie  > Ariana  > La Soukra  > Cite Des Juges,Diesel,12 CV,247 000,23/08/2010,Noir,Automatique,80 000 Dinar Tunisien (TND),"je vends mercedes classe e 250 cdi, importÃ©e d'allemagne, toute option sauf toit ouvrant et camÃ©ra de recul, bva, en tres bon Ã©tat, premier main , visible sur rdv a la soukra , filtre a particule neuf il y'a 3 mois , intÃ©rieur cuir noir,",11/03/2023,11/03/2023,undefined
[RÃ©f:3190187] Achat ssangyong rexton,Automobiles Â >Â Ssangyong Â >Â Rexton,Tunisie Â >Â Nabeul Â >Â Soliman Â >Â Dhahri,Diesel,10Â CV,n.d,01/01/2015,,Automatique,45 000Â Dinar Tunisien (TND),"je cherche une ssangyong rexton boite automatique diesel avec kilomÃ©trage 200 000 max.tel : 22 75 41 72",11/03/2023,11/03/2023
[RÃ©f:3189930] Fiat palio a ne pas rater,Automobiles Â >Â Fiat Â >Â Palio,Tunisie Â >Â Ben arous Â >Â Ben Arous Â >Â Ben Arous,Essence,4Â CV,258 939,01/01/2001,gris,MÃ©canique,10 500Â Dinar Tunisien (TND),"fiat palio 4 cv  toute option anne 2001 prix raisonnable de 10500 dinars tunisien  tÃ©lÃ©phone 24202060 lieux tunis ben arous",10/03/2023,10/03/2023
[RÃ©f:3181354] Av voiture suzuki spresso,Automobiles Â >Â Suzuki Â >Â Autre ModÃ¨le,Tunisie Â >Â Ben arous Â >Â El Mourouj Â >Â El Mourouj,Essence,4Â CV,3 300,12/04/2022,gris,MÃ©canique,40 000Â Dinar Tunisien (TND),"une belle voiture a vendre toute option garantie 2 ans,mise Ã©n circulation le 12/04/2022,prix negociable.",09/02/2023,10/03/2023
[RÃ©f:3189838] TrÃ¨s bonne occasion,Automobiles Â >Â Citroen Â >Â DS3,Tunisie Â >Â Tunis Â >Â Carthage Â >Â Carthage,Essence,5Â CV,47 000,07/06/2012,rouge,MÃ©canique,34 000Â Dinar Tunisien (TND),"je vends mon vÃ©hicule ds 3 trÃ¨s peu roulÃ©, excellent Ã©tat, entretien rÃ©gulier. trois portes, couleur rouge et toit blanc. vitres Ã©lectriques, direction assistÃ©e Ã©lectrique, rÃ©troviseurs rabattables, climatisation manuelle.",09/03/2023,09/03/2023
[RÃ©f:3189794] Voiture fiat punto grande couleur blanche,Automobiles Â >Â Fiat Â >Â Grande Punto,Tunisie Â >Â Tunis Â >Â Ain Zaghouan Â >Â Ain Zaghouan,Essence,4Â CV,191 000,07/02/2015,blanche,MÃ©canique,22 700Â Dinar Tunisien (TND),"je mets en vente ma voiture fiat punto grande couleur blanche 4 chevauxagÃ©e de 8 ans tout juste avec un certificat de visite tÃ©chnique valable jusqu'au juin 2024",09/03/2023,09/03/2023
[RÃ©f:3189785] Ford ranger,Automobiles Â >Â Ford Â >Â Ranger,Tunisie Â >Â Tunis Â >Â El Omrane Superieur Â >Â El Omrane Superieur,Diesel,10Â CV,500,05/07/2005,gris,MÃ©canique,13 000Â Dinar Tunisien (TND),ford ranger en bonne Ã©tat contacter 58700360,09/03/2023,09/03/2023
[RÃ©f:3189679] Honda brio,Automobiles Â >Â Honda Â >Â Autre ModÃ¨le,Tunisie Â >Â Tunis Â >Â Ain Zaghouan Â >Â Ain Zaghouan,Essence,5Â CV,60 000,18/03/2018,Noir,MÃ©canique,27 500Â Dinar Tunisien (TND),"premiere main, annÃ©e 2018,bon Ã©tat",09/03/2023,09/03/2023
[RÃ©f:3189465] Transporteur 7 cv,Automobiles Â >Â Volkswagen Â >Â Transporter,Tunisie Â >Â Nabeul Â >Â Nabeul Â >Â Nabeul,Diesel,7Â CV,n.d,02/07/2006,,MÃ©canique,25 000Â Dinar Tunisien (TND),vendre transporteur 7cv blanc,08/03/2023,08/03/2023
[RÃ©f:3189435] Fiat figo en trÃ¨s bon Ã©tat,Automobiles Â >Â Ford Â >Â Fiesta,Tunisie Â >Â Tunis Â >Â Ain Zaghouan Â >Â Ain Zaghouan,Essence,5Â CV,91 000,11/10/2014,Gris,MÃ©canique,23 500Â Dinar Tunisien (TND),"suite dÃ©cÃ¨s du propriÃ©taire, les hÃ©ritiers mettent en vente un voiture ford figo trÃ¨s bien entretenue.- puissance fiscale: 5 ch- climatiseur opÃ©rationnel- alarm et fermeture centrale- kilometrage: 91k  prix peu nÃ©gociable merci",08/03/2023,08/03/2023
[RÃ©f:3189279] Une belle golf 6 tsi,Automobiles Â >Â Volkswagen Â >Â Golf 6,Tunisie Â >Â Tunis Â >Â Cite El Khadra Â >Â Kheireddine Pacha,Essence,9Â CV,164 000,01/10/2009,Noir,Automatique,36 000Â Dinar Tunisien (TND),a vendre une belle golf 6 tsi boÃ®te automatique,08/03/2023,08/03/2023
[RÃ©f:3182864] Renault clio toutes options,Automobiles Â >Â Renault Â >Â Clio,Tunisie Â >Â Ariana Â >Â Ariana Ville Â >Â Ariana,Essence,5Â CV,76 000,01/01/2015,Blanc,MÃ©canique,39 500Â Dinar Tunisien (TND),particulier met en vente renault clio toutes options excellent Ã©tat 76000 km au compteur.,14/02/2023,07/03/2023
[RÃ©f:3188920] Vds ou Ã©change mazda cx9 awd 7 places,Automobiles Â >Â Mazda Â >Â Autre ModÃ¨le,Tunisie Â >Â Nabeul Â >Â Nabeul Â >Â Nabeul,Essence,20Â CV,158 900,05/04/2010,Gris mÃ©tallisÃ©,Automatique,47 000Â Dinar Tunisien (TND),"-mise en circulation 2010-kilomeÌtrage : 158Â 900 km-energie : essence-puissance fiscale : 20 cv-7 places-boite de vitesse automatique-sieÌ€ges Ã©lectriques avec mÃ©moire-sound bose-volant en cuir multifonctions-climatisation-sellerie cuir-rÃ©gulateur de vitesse-toit ouvrant-radar de stationnementÂ -jantes en aluminium 20Â”-vignette 2023 possibilitÃ© d'Ã©change",06/03/2023,06/03/2023
[RÃ©f:3188910] Hynday i20,Automobiles Â >Â Hyundai Â >Â Autre ModÃ¨le,Tunisie Â >Â Manouba Â >Â Mannouba Â >Â La Mannouba,Essence,4Â CV,190 000,24/08/2014,Gris,MÃ©canique,27 500Â Dinar Tunisien (TND),"disponiblemanoubanassermonplaisir",06/03/2023,06/03/2023
[RÃ©f:3188905] Isuzu trooper diesel 4x4 suv japan tu54 en marche,Automobiles  > Isuzu  > Trooper,Tunisie  > Sfax  > Sfax Sud  > Merkez Kamoun,Diesel,9 CV,418 000,12/05/1988,Blanc,MÃ©canique,11 990 Dinar Tunisien (TND),en marche mais doit Ãªtre entretenu. modÃ¨le ubs52 (2.2 td turbo diesel) 9 cv diesel 418000 km sÃ©rie 54. moteur et accessoires d'origine du japon. aver porte-bagages. avec double pont (option non utilisÃ©e).,06/03/2023,06/03/2023,undefined
[RÃ©f:3188708] Peugeot 301,Automobiles Â >Â Peugeot Â >Â Autre ModÃ¨le,Tunisie Â >Â Ariana Â >Â Ariana Ville Â >Â Ariana,Essence,5Â CV,167 000,01/07/2016,Camel,MÃ©canique,22 500Â Dinar Tunisien (TND),"peugeot 301 en trÃ¨s bon Ã©tat gÃ©nÃ©ral, sÃ©rie 190, berline 5 places, 5 portes et visite technique valable jusqu'en 2024",06/03/2023,06/03/2023
[RÃ©f:3188595] Polo3 ndhifa,Automobiles Â >Â Volkswagen Â >Â Polo 3,Tunisie Â >Â Ben arous Â >Â Ezzahra Â >Â Ezzahra,Essence,5Â CV,250 000,06/07/1997,noir,MÃ©canique,12 500Â Dinar Tunisien (TND),a vendre polo 3 trÃ¨s propre,06/03/2023,06/03/2023
[RÃ©f:3178397] Golf 7 tsi 1er main Ã  la marsa,Automobiles  > Volkswagen  > Golf 7,Tunisie  > Tunis  > La Marsa  > Cite El Moustakbel (Sidi Daoud),Essence,5 CV,99 000,14/05/2018,GRIS,MÃ©canique,60 000 Dinar Tunisien (TND),on met en vente une belle golf 7 annÃ©e 2018 1 er main de faible kilomÃ©trage bien entretenue chez ennakl. prix proposÃ© 60000 dt. disponible Ã  la marsa. contact 29 116 661,30/01/2023,05/03/2023,undefined
[RÃ©f:3188437] Honda civic,Automobiles Â >Â Honda Â >Â Civic,Tunisie Â >Â Ariana Â >Â La Soukra Â >Â Borj Louzir,Essence,10Â CV,83 000,15/09/2016,Noir,Automatique,70 000Â Dinar Tunisien (TND),"honda civic 1.5 rs 4 cylindres 10cv-182 ch. 3 appuis tÃªtes arriÃ¨res 7 haut-parleurs commandes au volant, bluetooth, android, auto apple, car play, ipod 2 usb wifi, hdmi, Ã©cran tactile 7 pouces ,finition intÃ©rieure aluminium brossÃ© mat, sellerie cuir, toit ouvrant en verre, volant 3 branches cuir multifonctions, abs airbags frontaux, latÃ©raux et rideaux anti-patinage",05/03/2023,05/03/2023
[RÃ©f:3162576] Belle symbol economique,Automobiles Â >Â Renault Â >Â Symbol,Tunisie Â >Â Tunis Â >Â El Menzah Â >Â El Menzah 1,Essence,5Â CV,195 000,07/07/2014,beige,MÃ©canique,24 500Â Dinar Tunisien (TND),"je met en vente ma propre voiture de marque renault symbole fase 2 en bon Ã©tat annÃ©e 2014, 195 000 km intact et Ã©conomique .disponible Ã  citÃ© olympique.prix 24500 dt .contact : 53 691 583",08/12/2022,05/03/2023
[RÃ©f:3188389] Ssangyong korando,Automobiles Â >Â Ssangyong Â >Â Korando,Tunisie Â >Â Sousse Â >Â Sousse Ville Â >Â Cite Jaouhara,Diesel,10Â CV,99 000,31/01/2014,noire,MÃ©canique,42 000Â Dinar Tunisien (TND),"toit ouvrant, km 99000, boite mÃ©canique, en bon Ã©tat",04/03/2023,04/03/2023
[RÃ©f:3188367] Belle peugeot 301 allure tout option,Automobiles Â >Â Peugeot Â >Â Autre ModÃ¨le,Tunisie Â >Â Sousse Â >Â Sousse Jaouhara Â >Â Cite Sahloul,Essence,5Â CV,196 000,10/08/2013,Marron,MÃ©canique,19 000Â Dinar Tunisien (TND),voiture peugeot 301 tout option avec alarme en tres bon etat tout en marche...tel 23032788,04/03/2023,04/03/2023
[RÃ©f:3188201] Cable spiral toyota,Automobiles Â >Â Toyota Â >Â Hi.Lux,Tunisie Â >Â Ariana Â >Â La Soukra Â >Â Aeroport Tunis Carthage,Diesel,8Â CV,n.d,01/01/2012,,MÃ©canique,260 000Â Dinar Tunisien (TND),a vendre cable spiral toyota hiulx original tel 28341713,04/03/2023,04/03/2023
[RÃ©f:3180177] La nouvelle l200 mitsubishi,Automobiles Â >Â Mitsubishi Â >Â L 200,Tunisie Â >Â Ariana Â >Â Ariana Ville Â >Â Cite Ennasr 2,Diesel,8Â CV,1 000,01/01/2023,Grenadine,Automatique,150 000Â Dinar Tunisien (TND),av la nouvelle mitsubishi l200  dans lamballage mod 2023 toute options boÃ®te automatique prix 150 md tel 22222322 ennasr2,04/02/2023,04/03/2023
[RÃ©f:3187981] Izuzu el atrous,Automobiles Â >Â Isuzu Â >Â Autre ModÃ¨le,Tunisie Â >Â Ariana Â >Â Ariana Ville Â >Â Borj El Baccouche,Diesel,11Â CV,300 000,12/02/2000,Blanc,MÃ©canique,28 000Â Dinar Tunisien (TND),camionnette ndhifa 11 chv a ne pas rater,03/03/2023,03/03/2023
[RÃ©f:3132748] Renault clio classique berline annee 2002,Automobiles  > Renault  > Clio,Tunisie  > Sfax  > Sakiet Eddaier  > Merkez Lajmi,Essence,6 CV,150 000,18/01/2002,NOIR,MÃ©canique,11 200 Dinar Tunisien (TND),"Ã  vendre clio classique berline 6 cv essence. travaux exÃ©cutÃ©s : *nouveau moteur rÃ©cemment remplacÃ©. *cardans remplacÃ©s. *nouveau disque embrayage montÃ©. *nouveau ventilateur de refroidissement remplacÃ©. maintenance Ã  prÃ©voir : *tÃ´lerie et peinture de la carrosserie. *pneus. *avant-train. *compresseu r de climatiseur existant, reste ligne de connexion avec le compresseur.  contact par tÃ©l : 97 760 373 / 24 760 373",05/09/2022,03/03/2023,undefined
[RÃ©f:3187814] Importee de france,Automobiles Â >Â Kia Â >Â Sportage,Tunisie Â >Â Monastir Â >Â Moknine Â >Â Moknine,Diesel,6Â CV,87 000,15/04/2017,noir,MÃ©canique,90 000Â Dinar Tunisien (TND),"sportage etat tres neuf francaise encore garantie kiatoute option gps jante alu....... des rdv apres le 11 mars55732125ou 0033662184543",02/03/2023,02/03/2023
[RÃ©f:3187808] Occasion Ã  ne pas rater,Automobiles Â >Â Mercedes Â >Â CL,Tunisie Â >Â Ben arous Â >Â Hammam Chatt Â >Â Borj Cedria,Essence,7Â CV,72 000,28/07/2014,Blanc,MÃ©canique,110 000Â Dinar Tunisien (TND),je mets mon mercedes cla essence importÃ©e d'allemagne jamais accidentÃ©e et bien entretenue toutes options abs esp radar de recul toit ouvrant et panoramique 4 pneus neufs jante en aluminium par 18 et roue de secours supplÃ©mentaire jante en aluminium par 18 batterie ðŸ”‹ neuve et beaucoup d'autres options,02/03/2023,02/03/2023
[RÃ©f:3187740] Renault symbol,Automobiles Â >Â Renault Â >Â Symbol,Tunisie Â >Â Monastir Â >Â Monastir Â >Â Monastir,Essence,5Â CV,290 000,18/03/2010,gris,MÃ©canique,22 500Â Dinar Tunisien (TND),"renault symbol annÃ©e 2010, direction assistÃ©e, fermeture centrale, climatisation en marche, 4 pneus neufs, trÃ¨s bon Ã©tat",02/03/2023,02/03/2023
[RÃ©f:3187369] Peugeot 206,Automobiles Â >Â Peugeot Â >Â 206,Tunisie Â >Â Ben arous Â >Â Fouchana Â >Â Cite El Wifak,Essence,5Â CV,354 000,29/01/2003,Bleu,MÃ©canique,15 800Â Dinar Tunisien (TND),peugeot 206--------5 cv--------4 cyl------- an 2003-----moteur et carrosserie en bon Ã©tat --------fermeture centrale--------kilomÄ—trage 354000 -----prix 15800 nÄ—gociable------tel 22579870,01/03/2023,01/03/2023
[RÃ©f:3187352] Bmw premiÃ¨re main,Automobiles Â >Â Bmw Â >Â SÃ©rie 1,Tunisie Â >Â Ariana Â >Â Ariana Ville Â >Â Ariana,Essence,7Â CV,95 000,10/05/2017,Noir,Automatique,75 000Â Dinar Tunisien (TND),"voiture entretien maisonplus d'information 25000981option :boÃ®te automatique, xÃ©non, radar de recul......",01/03/2023,01/03/2023
[RÃ©f:3186254] Mercedes c 180,Automobiles Â >Â Mercedes Â >Â C,Tunisie Â >Â Tunis Â >Â El Menzah Â >Â El Menzah 1,Essence,9Â CV,188 000,13/12/2013,Noir,MÃ©canique,62 000Â Dinar Tunisien (TND),"a vendre mercedes c180, premiÃ¨re main, excellent Ã©tat",26/02/2023,01/03/2023
[RÃ©f:3187349] Toyota hiace,Automobiles Â >Â Toyota Â >Â Hi.Ace,Tunisie Â >Â Bizerte Â >Â Bizerte Nord Â >Â Cite Ain Meriem,Diesel,10Â CV,750,01/01/2001,BLANC,MÃ©canique,16 000Â Dinar Tunisien (TND),a vendre toyota hiace type de carrosserie autres couleur du vÃ©hicule blanc puissance fiscale 2 modÃ¨le hi ace kilomÃ©trage 750 cylindrÃ©e 2.5l annÃ©e 2001 carburant diesel etat du vÃ©hicule avec kilomÃ©trage marque toyota boite manuelle ðŸ”´ contactez-nous pour plus dÂ’informations :ðŸ“ž   +21692008082,01/03/2023,01/03/2023
[RÃ©f:3187282] Ford focus berline ecoboost titanium,Automobiles Â >Â Ford Â >Â Focus,Tunisie Â >Â Tunis Â >Â La Marsa Â >Â Sidi Daoud,Essence,6Â CV,150 000,15/09/2016,Beige,MÃ©canique,46 000Â Dinar Tunisien (TND),voiture du directeur financier d'une entreprise. tous les entretiens Ã  la maison ford. aucun dÃ©faut. chaine de distribution et batterie remplacÃ©es rÃ©cemment. etat neuf. toutes options.,01/03/2023,01/03/2023
[RÃ©f:3187241] SÃ©rie1 trÃ¨s bon Ã©tat,Automobiles Â >Â Bmw Â >Â SÃ©rie 1,Tunisie Â >Â Ben arous Â >Â Hammam Chatt Â >Â Borj Cedria,Diesel,6Â CV,298 000,24/05/2012,Noire,MÃ©canique,41 500Â Dinar Tunisien (TND),"sÃ©rie 1 en trÃ¨s bon Ã©tat, Ã  saisir",01/03/2023,01/03/2023
[RÃ©f:3187230] Hyundai i20,Automobiles Â >Â Hyundai Â >Â Autre ModÃ¨le,Tunisie Â >Â Tunis Â >Â La Marsa Â >Â Cite El Khalil,Essence,5Â CV,45 000,09/11/2020,noir,MÃ©canique,48 000Â Dinar Tunisien (TND),"hyndai i20 toutes optionskm : 45000intÃ©rieur : Ã©tat neufcarrosserie: quelques Ã©gratignures superficielles",01/03/2023,01/03/2023
[RÃ©f:3175641] Mghs bleu sÃ©rie 224,Automobiles Â >Â Mg Â >Â Autre ModÃ¨le,Tunisie Â >Â Ben arous Â >Â Hammam Lif Â >Â Bou Kornine,Essence,10Â CV,32 000,27/08/2021,bleu,Automatique,97 000Â Dinar Tunisien (TND),mghs bleu en trÃ©s bon Ã©tat tout options sÃ©rie 224,20/01/2023,01/03/2023
[RÃ©f:3187046] Voiture  faible kilometrage,Automobiles Â >Â Kia Â >Â Cerato,Tunisie Â >Â Ben arous Â >Â El Mourouj Â >Â El Mourouj,Essence,7Â CV,70 000,08/12/2016,BLANCHE,MÃ©canique,51 000Â Dinar Tunisien (TND),"a vendre kia cerato en Ã©tat excellent faible kilomÃ©trage (70000 km)prix 51 mille dinar peut nÃ©gociable. tÃ©l: 53435384/97001479",28/02/2023,28/02/2023
[RÃ©f:3186977] C2 diesel boite automatique,Automobiles Â >Â Citroen Â >Â C2,Tunisie Â >Â Sfax Â >Â Sfax Ville Â >Â Sfax,Diesel,4Â CV,195 000,20/05/2005,noir,Automatique,21 500Â Dinar Tunisien (TND),vend une belle voiture c2 diesel boite automatique,28/02/2023,28/02/2023
[RÃ©f:3186769] Ml 350 v6 1 er main,Automobiles Â >Â Mercedes Â >Â ML,Tunisie Â >Â Ariana Â >Â Ariana Ville Â >Â Ariana,Diesel,15Â CV,144 000,10/10/2011,Noir,MÃ©canique,105 000Â Dinar Tunisien (TND),"ml phase 2 kit amg premiÃ¨re main trÃ¨s bien entretenue. voiture dernier serie.tt option",28/02/2023,28/02/2023
[RÃ©f:3169250] Cx60 volvo,Automobiles Â >Â Volvo Â >Â XC,Tunisie Â >Â Tunis Â >Â Cite El Khadra Â >Â Zone urbaine nord,Diesel,10Â CV,220 000,06/06/2011,Beige,MÃ©canique,55 000Â Dinar Tunisien (TND),"premiÃ¨re main voiture trÃ¨s propre,tt option  sous rÃ©gime rsprix ycompris la droit de douane",02/01/2023,28/02/2023
[RÃ©f:3186717] Ford fiesta 5cv premiere main,Automobiles Â >Â Ford Â >Â Fiesta,Tunisie Â >Â Tunis Â >Â Ain Zaghouan Â >Â Ain Zaghouan,Essence,5Â CV,99 000,01/03/2011,Titanium,MÃ©canique,29 500Â Dinar Tunisien (TND),ford fiesta premiÃ¨re main en etat neuf voiture a l'etat origine peinture de la maison vitres electriques bloo touth tÃ©lÃ©phone a main libre climatiseur en fonction connectivitÃ© aux vitres teinte d'origine fermeture centralisÃ©e disponible a l'aouina (non sÃ©rieux s'abstenir),27/02/2023,27/02/2023
[RÃ©f:3186663] Renault symbol,Automobiles Â >Â Renault Â >Â Symbol,Tunisie Â >Â Tunis Â >Â Bab Bhar Â >Â Montplaisir,Essence,5Â CV,350 000,05/12/2016,GRIS,MÃ©canique,30 000Â Dinar Tunisien (TND),"renault symbol berline modÃ¨le 2017 (du 05/12/2016) ,5 cv  & 350.000 km. voiture de direction en bon Ã©tat avec entretien aux normes. tout est d'origine (peinture et intÃ©rieur).tÃ©l : 24 690 237",27/02/2023,27/02/2023
[RÃ©f:3186557] Toyota chr,Automobiles Â >Â Toyota Â >Â Autre ModÃ¨le,Tunisie Â >Â Tunis Â >Â Ain Zaghouan Â >Â Ain Zaghouan,Diesel,n.d,n.d,15/03/2018,,MÃ©canique,73 000Â Dinar Tunisien (TND),"je mets en vente une toyota ch-r 1Ã¨re main en trÃ¨s bon Ã©tat. tous les entretiens sont faits chez la maison mÃ¨re toyota.kilomÃ©trage: 93000 kmdate de mise en circulation: 15 mars 2018",27/02/2023,27/02/2023
[RÃ©f:3186472] Picanto d'une femme,Automobiles Â >Â Kia Â >Â Picanto,Tunisie Â >Â Ben arous Â >Â Hammam Chatt Â >Â Borj Cedria,Essence,4Â CV,80 000,20/03/2013,Rouge,MÃ©canique,33 000Â Dinar Tunisien (TND),"cause dÃ©part Ã  l'Ã©tranger femme vend sa voiturekarhba ndhifa premiere main depuis 20134 cylindres et m oteur 1.2 moch cha3bia",27/02/2023,27/02/2023
[RÃ©f:3186209] Citroen c4,Automobiles  > Citroen  > C4,Tunisie  > Tunis  > Ain Zaghouan  > Ain Zaghouan,Diesel,6 CV,288,04/06/2010,Gris,MÃ©canique,20 000 Dinar Tunisien (TND),citroÃ«n c4 1Ã¨re main importÃ©e de france sÃ©ries 155 tu ... tel:  98708140 prix : 20 000 dt,26/02/2023,26/02/2023,undefined
[RÃ©f:3185808] Kia sportage ecodynamic diesel tt options,Automobiles Â >Â Kia Â >Â Sportage,Tunisie Â >Â Ariana Â >Â La Soukra Â >Â Borj Louzir,Diesel,7Â CV,170 000,01/08/2016,noir,Automatique,105 000Â Dinar Tunisien (TND),"kia sportage 1.7litre 2wd dieselannÃ©e: 08/2016couleur extÃ©rieure: noiretype de peinture: mÃ©tallisÃ©intÃ©rieur: cuir, noircarrosserie: suvportes:5siÃ¨ges:5version pays: koreeÃ©tat: occasion / 170000 kmpropriÃ©taires prÃ©c: 2vÃ©hicule non fumeurtransmission: boÃ®te automatique mechatronicvitesses: 7cylindrÃ©e: 1.685 cmÂ³carburant: dieselequipement confort:- accoudoir centrale- assistant de dÃ©marrage en cÃ´te- camÃ©ra d'aide au stationnement- capteurs d'aide au stationnement arriÃ¨re- capteurs d'aide au stationnement avant- climatisation automatique, bi-zone- dÃ©tecteur de lumiÃ¨re- dÃ©tecteur de pluie- rÃ©gulateur de vitesse- rÃ©troviseurs latÃ©raux Ã©lectriques rabattables- siÃ¨ges avant et siÃ¨ges arriÃ¨re chauffants- siÃ¨ges arriÃ¨res 1/3- start/stop automatique- systÃ¨me de navigation- toit ouvrant- toit panoramique- verrouillage centralisÃ© sans clÃ©- 4 vitres Ã©lectriques / 2 arriÃ¨res teintÃ©es- volant en cuir- volant multifonctions - boite Ã  gant rÃ©frigÃ©rÃ©e divertissement / mÃ©dias:- bluetooth- dispositif mains libres- mp3- ordinateur de bord- radio- usb- ecran tactile- jantes alu",24/02/2023,25/02/2023
[RÃ©f:3185954] Voiture mg gt,Automobiles Â >Â Mg Â >Â MG,Tunisie Â >Â Nabeul Â >Â Nabeul Â >Â Nabeul,Essence,6Â CV,143 000,04/07/2017,Blanc,MÃ©canique,38 500Â Dinar Tunisien (TND),"a vendre voiture mg-gt, 6 cv essence, boite manuelle, en trÃ¨s bon Ã©tat, premiÃ¨re main, trÃ¨s bien entretenu, mise en circulation en juillet 2017, kilomÃ©trage 143000 km, toutes options (freinage abs, jante en aluminium 16",24/02/2023,24/02/2023
[RÃ©f:3176173] Chevrolet epica,Automobiles Â >Â Chevrolet Â >Â Epica,Tunisie Â >Â Tunis Â >Â El Hrairia Â >Â El Hrairia,Diesel,9Â CV,190 000,11/11/2009,NOIR,MÃ©canique,25 500Â Dinar Tunisien (TND),chevrolet epica 2009,22/01/2023,24/02/2023
[RÃ©f:3181449] Dacia dokker neuf,Automobiles Â >Â Dacia Â >Â Autre ModÃ¨le,Tunisie Â >Â Ariana Â >Â Ariana Ville Â >Â Ariana,Diesel,6Â CV,20 000,03/01/2022,gris,MÃ©canique,11 000Â Dinar Tunisien (TND),"a vendre dacia dokker seire 227 gris sur laizingtransfÃ¨re du dossier est simple",09/02/2023,23/02/2023
[RÃ©f:3185641] Voiture premiere main en tres bon etat,Automobiles Â >Â Chevrolet Â >Â Aveo,Tunisie Â >Â Ben arous Â >Â Ezzahra Â >Â Ezzahra,Essence,5Â CV,86 360,26/06/2015,Champagne,MÃ©canique,27 000Â Dinar Tunisien (TND),"chevrolet aveo, annee 2015, bien entretenue, premiere main en trÃ¨s bon Ã©tat.",23/02/2023,23/02/2023
[RÃ©f:3185634] Citroen c4 cactus puretech 110 s et s one tone,Automobiles Â >Â Citroen Â >Â Autre ModÃ¨le,Tunisie Â >Â Sousse Â >Â Kalaa El Kebira Â >Â Cite Nouvelle,Essence,5Â CV,99 800,20/06/2018,Gris foncÃ©,MÃ©canique,48 000Â Dinar Tunisien (TND),"boÃ®te manuellecouple 205 nm - 1500 tr/mincylindrÃ©e 1199 cm3energie essencenombre de cylindres 3nombre de rapports 5puissance (ch.din) 110 chpuissance fiscale 5 cvtransmission traction0-100 km/h 9.3 sconsommation extra-urbaine 3.7/100 kmconsommation mixte 4.3 l/100 kmconsommation urbaine 5.4 l/100 kmvitesse maxi 192 km/hcarrosserie compactehauteur 1530largeur 1730longueur 4160nombre de portes 5volume du coffre 358 lantibrouillards barres de toit elÃ©ments extÃ©rieurs couleur carrosserie poignÃ©es de portesfeux de position Ã  led jantes en aluminium, 17magic washcamÃ©ra de recul climatisation connectivitÃ© aux, bluetooth, usbcontrÃ´le de pression des pneus direction assistÃ©e ouiradar de stationnement arriÃ¨rerÃ©gulateur de vitesse rÃ©troviseurs extÃ©rieurs Ã©lectriques, avec capuchons blancs/noirsvolant rÃ©glable en hauteur et en profondeurautoradio 4 haut-parleursecran tactile, 7 poucessellerie tissusiÃ¨ges avant rÃ©glables en hauteur vitres Ã©lectriques avantvolant cuirabs airbags frontaux, latÃ©raux, rideauxairbumps anti-patinage esp, asrassistance au freinage afu",23/02/2023,23/02/2023
[RÃ©f:3185610] Toyota prado vx en tres bon Ã©tat,Automobiles Â >Â Toyota Â >Â Land Cruiser,Tunisie Â >Â Tunis Â >Â La Marsa Â >Â Berge Du Lac,Diesel,11Â CV,240 000,01/01/2006,Champagne,Automatique,140 000Â Dinar Tunisien (TND),"toyota prado vx en tres bon Ã©tat, entretien 100% maison toyota,:Â• antibrouillardsÂ• Â jantes en alliageÂ• Â radar de reculÂ• Â toit ouvrantÂ• siÃ¨ges chauffantsÂ• Â siÃ¨ges rÃ©glables en hauteurÂ• Â siÃ¨ges Ã©lectriquesÂ• Â accoudoir avantÂ• Â accoudoir arriÃ¨reÂ• Â autoradio cdÂ• Â chargeur cdÂ• Â sellerie en cuirÂ• Â 3 appuis tÃªtes arriÃ¨resÂ• Â volant rÃ©glable hauteur/profondeurÂ• Â climatisationÂ• Â direction assistÃ©eÂ• Â fermeture centralisÃ©eÂ• Â ordinateur de bordÂ• Â vitres Ã©lectriques",23/02/2023,23/02/2023
[RÃ©f:3185409] Bmw serie 1 e87 n45,Automobiles Â >Â Bmw Â >Â SÃ©rie 1,Tunisie Â >Â Zaghouan Â >Â Ennadhour Â >Â Ennadhour,Essence,7Â CV,157 000,01/06/2011,Blanc,MÃ©canique,42 000Â Dinar Tunisien (TND),"toit ouvrantecran androidcamera de recul",23/02/2023,23/02/2023
[RÃ©f:3185269] Jetta essence,Automobiles Â >Â Volkswagen Â >Â Jetta,Tunisie Â >Â Tunis Â >Â La Marsa Â >Â Sidi Daoud,Essence,7Â CV,192 000,01/03/2011,Blanche,MÃ©canique,40 000Â Dinar Tunisien (TND),"jetta 1.6 essence en bon Ã©tat trÃ¨s bien entretenuevente au plus offrant",22/02/2023,22/02/2023
[RÃ©f:3158555] Mazda 3 en bon Ã©tat,Automobiles Â >Â Mazda Â >Â 3,Tunisie Â >Â Gabes Â >Â El Metouia Â >Â Oudhref,Essence,6Â CV,240 000,01/01/2013,Bleu,MÃ©canique,21 000Â Dinar Tunisien (TND),"mazda 3 en bon Ã©tat Ã  vendre cause dÃ©part Ã  l'Ã©tranger.merci de contacter hatem au numÃ©ro de tÃ©l : 21 701 847",25/11/2022,22/02/2023
[RÃ©f:3185246] Ford mondeo 2009 trÃ¨s bonne Ã©tat,Automobiles Â >Â Ford Â >Â Mondeo,Tunisie Â >Â Ariana Â >Â Ariana Ville Â >Â Ariana,Essence,8Â CV,192 000,01/03/2010,Noir,MÃ©canique,26 000Â Dinar Tunisien (TND),"ford mondeo 2009premiÃ¨re mainentretien complet trÃ¨s bon Ã©tat",22/02/2023,22/02/2023
[RÃ©f:3185113] Showroom bacha auto,Automobiles Â >Â Autre Marque Â >Â Autre ModÃ¨le,Tunisie Â >Â Ben arous Â >Â Rades Â >Â Rades,Essence,4Â CV,11 111,21/10/2022,blanc,MÃ©canique,500 000Â Dinar Tunisien (TND),showroom bacha auto vous offre service pour le rachat immÃ©diat de votre vÃ©hicule ainsi que l'Ã©change ou la vente . pour plus de dÃ©tailles veuillez consulter notre page facebook : bacha auto achat Ã©change vente voilures d occasion en tunisie .  tel : 98630750 / 96888999,22/02/2023,22/02/2023
[RÃ©f:3184636] Toyota corolla diesel d4d 2015 ttes options,Automobiles Â >Â Toyota Â >Â Corolla,Tunisie Â >Â Ariana Â >Â La Soukra Â >Â Chotrana 1,Diesel,5Â CV,160 000,04/07/2015,Noir,MÃ©canique,43 000Â Dinar Tunisien (TND),"toyota corolla diesel, moteur d4d trÃ¨s Ã©conomique moyenne de 6 l/100 km,  annÃ©e 2015, 1,4 l, 160 000 km,  boÃ®te manuelle  6 rapports, ttes options, sauf cuir et toit ouvrant, trÃ¨s bon Ã©tat, yesser ndhifa, aucunes dÃ©penses Ã  prÃ©voir, pces dÃ©jÃ  changÃ©es : pneus avant, batterie, dÃ©marreur, disques des freins et patins, essuies glaces, housse, vidange et tous les filtres effectuÃ©s il y a 2 semaines (fin janvier 2023), vignette 2023 dÃ©jÃ  payÃ©e...prix millo5or, non nÃ©gociable svp ðŸ™",21/02/2023,21/02/2023
[RÃ©f:3180208] Bmw 730 d  top,Automobiles Â >Â Bmw Â >Â Serie 7,Tunisie Â >Â Ariana Â >Â Ariana Ville Â >Â Cite Ennasr 2,Diesel,15Â CV,165 000,01/01/2008,Noir,MÃ©canique,65 000Â Dinar Tunisien (TND),av bmw 730d diesel mod 2008 toute options  Ã©ta neuf 165 mlk tu 219 noire occasion Ã  ne pas ratÃ© prix 65md tel 24777777 ennasr2,05/02/2023,21/02/2023
[RÃ©f:3184587] Polo 7 ndhifa,Automobiles Â >Â Volkswagen Â >Â Polo 7,Tunisie Â >Â Ben arous Â >Â Ben Arous Â >Â Ben Arous,Essence,4Â CV,270 000,11/11/2011,rouge,MÃ©canique,25 200Â Dinar Tunisien (TND),"polo 7 model 2011 essencevitre avant Ã©lectriqueclimatiseur intÃ©rieur neufmoteur 1.2 jamais ouverttÃ´le comme neuf",21/02/2023,21/02/2023
[RÃ©f:3184547] Belle audi  a4,Automobiles Â >Â Audi Â >Â A4,Tunisie Â >Â Ben arous Â >Â Megrine Â >Â Megrine Coteau,Essence,6Â CV,400 000,15/05/1996,Blanche,MÃ©canique,11 000Â Dinar Tunisien (TND),"a vendre  une voiture audi a4,   en trÃ¨s  bonne  Ã©tat  et bien entretenue,  prix  11500dt",20/02/2023,20/02/2023
[RÃ©f:3184466] Clio classic,Automobiles  > Renault  > Clio,Tunisie  > Ariana  > Raoued  > Borj Touil,Essence,5 CV,n.d,26/04/2005,Vert,MÃ©canique,17 000 Dinar Tunisien (TND),"Ã  vendre une clio classic deuxiÃ¨me main d'une femme,",20/02/2023,20/02/2023,undefined
[RÃ©f:3184310] Micro  bus hundai h1,Automobiles Â >Â Hyundai Â >Â Autre ModÃ¨le,Tunisie Â >Â Nabeul Â >Â Dar Chaabane Elfehri Â >Â Dar Chaabane Elfehri,Diesel,10Â CV,184 102,20/05/2010,blanc,MÃ©canique,34 000Â Dinar Tunisien (TND),"a vendre micro  bus  hundai h1 ,  12 places",20/02/2023,20/02/2023
[RÃ©f:3184300] Polo 6 noir,Automobiles Â >Â Volkswagen Â >Â Polo 6,Tunisie Â >Â Tunis Â >Â La Marsa Â >Â El Aouina,Essence,4Â CV,220,01/01/2006,Noir,MÃ©canique,18 700Â Dinar Tunisien (TND),"polo 6 noir moteur renouvelÃ© 4 pneus renouvelÃ© 2 vitres Ã©lectriques",20/02/2023,20/02/2023
[RÃ©f:3184247] Peugeot 308,Automobiles Â >Â Peugeot Â >Â 308,Tunisie Â >Â Sfax Â >Â Sfax Sud Â >Â El Ain,Essence,6Â CV,153 000,22/09/2011,Gris charbon,MÃ©canique,24 000Â Dinar Tunisien (TND),"a vendre peugeot 308 toutes options, 6 cv, essence, 153000 km, couleur gris charbon, annÃ©e 2011contactez 44148795",20/02/2023,20/02/2023
[RÃ©f:3184177] Discovery sport,Automobiles Â >Â Land-Rover Â >Â Discovery,Tunisie Â >Â Tunis Â >Â La Marsa Â >Â Gammart,Diesel,8Â CV,120 000,18/04/2018,NOIRE,Automatique,175 000Â Dinar Tunisien (TND),discovery sport tres bon etat,19/02/2023,19/02/2023
[RÃ©f:3184151] Mercedes a180,Automobiles Â >Â Mercedes Â >Â A,Tunisie Â >Â Ariana Â >Â La Soukra Â >Â La Soukra,Essence,6Â CV,124 000,31/10/2013,Noir,MÃ©canique,58 000Â Dinar Tunisien (TND),"mercedes benz a 180,trÃ¨s propre ðŸ”µ options  :  âœ… boÃ®te : manuelle 6 rapport âœ… climatisation âœ… intÃ©rieure tissu sportif âœ… siÃ¨ge rÃ©glable on hauteur âœ… siÃ¨ges chauffants âœ… radar av et arâœ… Ã©cran  multimÃ©diaâœ… bluetooth tÃ©lÃ©phone aux usbâœ… dÃ©tecteur de lumiÃ¨re et de pluieâœ… 8 airbagsâœ… abs esp ebdâœ… mode eco systemeâœ… volant multifonctionsâœ…feux avant et",19/02/2023,19/02/2023
